Workbook
Name _1DP2_: [1]FB25JN!$L$3:$M$3
Name ☞_기능점수__산정방법_선택: '[2]01.수집모듈(FP)'!#REF!
Name A: #REF!
Name A: #REF!
Name ACC: [3]FB25JN!$L$3:$M$3
Name ACCESS: [3]FB25JN!$L$3:$M$3
Name ACCESS2: [3]FB25JN!$L$6:$M$6
Name adfdf: [4]수량집계!#REF!
Name adfdf: [4]수량집계!#REF!
Name afc: [5]수량산출1!$A$528:$AB$626
Name AFC설비: #REF!
Name AFC설비: #REF!
Name b: #REF!
Name b: #REF!
Name BASIC: [6]BASIC!$A$1:$D$340
Name CCTV설비: #REF!
Name CCTV설비: #REF!
Name CODE: [7]공종코드!$A$5:$E$359
Name CODEA: #REF!
Name CODEA: #REF!
Name CODEB: #REF!
Name CODEB: #REF!
Name cost: [8]cost!$A$2:$V$224
Name Dp: #REF!
Name Dp: #REF!
Name HANIWALL_FB: #REF!
Name HANIWALL_FB: #REF!
Name HANIWALL_GC: #REF!
Name HANIWALL_GC: #REF!
Name MDL: [9]sheet1!$A$1:$A$65536
Name MODEL: #REF!
Name MODEL: #REF!
Name PL50T: #REF!
Name PL50T: #REF!
Name RANGE: #REF!
Name RANGE: #REF!
Name rhd: [4]수량집계!#REF!
Name rhd: [4]수량집계!#REF!
Name RNG: [9]sheet1!$A$1:$D$65536
Name SERVER: #REF!
Name SERVER: #REF!
Name SM: #REF!
Name SM: #REF!
Name sngc50t: [10]FB25JN!$L$6:$M$6
Name SVR: #REF!
Name SVR: #REF!
Name SVRAG: #REF!
Name SVRAG: #REF!
Name SVRDESC: #REF!
Name SVRDESC: #REF!
Name TABLE: [4]수량집계!#REF!
Name TABLE: [4]수량집계!#REF!
Name TABLE_14: [4]수량집계!#REF!
Name TABLE_14: [4]수량집계!#REF!
Name TABLE_15: [4]수량집계!#REF!
Name TABLE_15: [4]수량집계!#REF!
Name TABLE_2: [4]수량집계!#REF!
Name TABLE_2: [4]수량집계!#REF!
Name TABLE_23: [4]수량집계!#REF!
Name TABLE_23: [4]수량집계!#REF!

Sheet SW세부산출내역
B2: 세부산출내역서
B6: 기준일 : | C6: 2025년 12월 일
B10: 건 명 : | C10: 2025년 제주스마트도시 데이터허브 시범솔루션 발굴사업
B11: 금 액 : | C11: ="일금"&NUMBERSTRING(H32,1)&"원정(VAT포함)" -> 일금일십구억원정(VAT포함) | E11: =H32 -> 1900000000
B13: 번호 | C13: 항 목 | D13: 규 격 | E13: 단위 | F13: 수량 | G13: 단가 | H13: 금액(원) | J13: 비 고
B14: 1 | C14: S/W | D14: 실증관련 데이터허브 고도화 | E14: 식 | F14: 1 | G14: =(상세내역!J12)+(상세내역!J15) -> 625600000 | H14: =G14 -> 625600000
B15: 2 | C15: S/W | D15: 공영주차장 스마트 안전 AI 분석 솔루션 | E15: 식 | F15: 1 | G15: =(상세내역!J16)+(상세내역!J17)+(상세내역!J18)+(상세내역!J19) -> 1274400000 | H15: =G15 -> 1274400000
B29: 계 | H29: =SUM(H14:I28) -> 1900000000
B30: 부가가치세(10%)
B31: 합 계 | H31: =SUM(H29:I30) -> 1900000000
B32: 견적가 | H32: =ROUNDDOWN(H31*1,-6) -> 1900000000
B34: 1. 개발기간 : 계약후 8개월
J40: 끝.

Sheet 상세내역
B1: 2025년 제주 스마트도시 데이터허브 시범솔루션 발굴사업
B3: =TEXT("견적금액 : 일금 ",1)&TEXT(NUMBERSTRING(H9,1),1)&TEXT("원정 ",1)&"("&DOLLAR(H9)&TEXT("_VAT포함)",1) -> #REF!
B4: 번호 | C4: 목록 | E4: 내역 | H4: 수량 | I4: 금액 | J4: 비고
B5: 1 | C5: H/W | D5: 스마트시티 데이터허브 플랫폼 장비 | H5: 1 | I5: =#REF! -> #REF!
B6: 2 | C6: S/W | D6: 스마트시티 데이터허브 플랫폼 S/W | H6: 1 | I6: =J21 -> 1149600000
B7: 공 급 가 | H7: =SUM(I5:I6) -> #REF!
B8: 부 가 세 | H8: =H7*10% -> #REF!
B9: 총 계 | H9: =SUM(H7:I8) -> #REF!
B10: 1. 2025년 제주스마트도시 데이터허브 시범솔루션 발굴사업 | J10: (단위: 원, 부가가치세포함)
B11: 구분 | C11: 항목 | E11: 내역 | H11: 수량 | I11: 단가 | J11: 합계
C12: 실증관련 데이터허브 고도화 | D12: 01.데이터 수집·통합·표준화 | E12: OCR 처리 - 민원 첨부 이미지·스캔 PDF를 인식하여 텍스트로 변환하고 NGSI-LD 표준 형식으로 구조화 | H12: 1 | I12: =('01. 데이터 수집·통합·표준화 개발 용역'!J12) -> 254300000 | J12: =H12*I12 -> 254300000
E13: RPA 수집 - 행정포털·민원포털·콜센터 등에서 비정형 데이터를 자동 수집·적재하는 프로세스 구축
E14: STT 처리 - 콜센터 음성 민원을 실시간 텍스트로 전환하고 개인정보를 자동 비식별화하여 저장
D15: 02.데이터전처리 | E15: 데이터 전처리 - 데이터 수집 : 행정·민원, 통합관제센터, 외부 공공데이터 수집 - 데이터 연계 : NGSI-LD 기반 데이터 호환성 확보 및 연계 처리 - 데이터 저장 : 데이터 적재·카탈로그화 및 API 기반 검색·공유 | H15: 1 | I15: =('02.데이터 전처리 용역'!J12) -> 371300000 | J15: =H15*I15 -> 371300000
C16: 공영주차장 스마트 안전 AI 분석 솔루션 | D16: 03.데이터 분석 | E16: 이벤트 데이터 분석 기능 - 다중 센서 기반 이벤트 데이터를 NGSI-LD 표준으로 변환·정규화하여 저장·분석하는 기능 LLM 기반 자연어 처리 응용 기능 | H16: 1 | I16: =('03.데이터 분석 기능 개발 용역'!J12) -> 124800000 | J16: =H16*I16 -> 124800000
D17: 04.AI 기술 | E17: LLM 기반 자연어 처리 응용 기능 - 민원·행정 데이터를 요약·분류·클러스터링하고 정책 보고서·민원 답변문을 자동 생성하는 LLM 기반 자연어 처리 기능 | H17: 1 | I17: =('04. LLM 기반 자연어 처리 응용 기능 용역'!J12) -> 608700000 | J17: =H17*I17 -> 608700000
D18: 05.AI 기술 | E18: AI Assistant 기능 - 대화형 질의응답, 다국어 응답, 정책 문서 검색·근거 제시 등 행정업무 지원을 위한 AI Assistant 기능 | H18: 1 | I18: =('05.AI Assistant 기능 개발 용역'!J12) -> 142600000 | J18: =H18*I18 -> 142600000
D19: 06.대시보드 | E19: 대시보드 및 시각화 - 데이터 수집·분석 결과, 이벤트 감시 현황, 성능·품질 지표를 시각적으로 제공하는 통합 대시보드 기능 | H19: 1 | I19: =('06.대시보드 및 시각화 개발 용역'!J12) -> 398300000 | J19: =H19*I19 -> 398300000
C20: 표준화 | D20: 07.데이터표준화 | E20: 데이터 표준화 모델 마련 - 도시 데이터 수집 시 데이터 연계 표준(NGSI-LD)를 준수하고, TTA의 데이터모델 표준(TTAK.KO-10.1331-Part4/R1) 반영 | H20: 1 | I20: =('07. 데이터 표준화 모델'!F19) -> 1.0032854e+08 | J20: =H20*I20 -> 1.0032854e+08
C21: 합계 | J21: =SUM(J17:J19) -> 1149600000

Sheet 01. 데이터 수집·통합·표준화 개발 용역
A1: 데이터 수집·통합·표준화 기능 개발 용역
K2: (소프트웨어사업 대가산정 가이드, 24.05.13. (FP방식-간이법), KOSA)
A4: ○ 개발원가 산정 | J4: (단위 : 원)
A5: 총기능점수 | C5: 기능점수당 단가 | E5: 보정계수 | J5: 개발원가 | K5: 비고
E6: 규모 | F6: 연계복잡성 | G6: 성능 | H6: 다중사이트 | I6: 보안성
A7: =I31 -> 268.3 | C7: 605784 | E7: =J22 -> 1.28 | F7: =J23 -> 0.94 | G7: =J24 -> 1 | H7: =J25 -> 1 | I7: =J26 -> 1 | J7: =PRODUCT(A7:I7) -> 1.9555832e+08
A8: 합계(보정 후 개발원가) | J8: =SUM(J7:K7) -> 1.9555832e+08
A9: 기업이윤 | I9: 0.192 | J9: =J8*I9 -> 37547197
A10: 직접경비 | J10: -1883000
A11: 소프트웨어 개발비(부가세 별도) | J11: =J8+J9+J10 -> 2.3122252e+08
A12: 소프트웨어 개발비(부가세 포함, 10만원 이하 절사) | J12: =ROUNDDOWN(J11*1.1, -5) -> 254300000
A14: ○ 직접경비 | J14: (단위 : 원)
A15: 구분 | C15: 산출내역 | J15: 금액
A18: 합 계 | J18: =SUM(J16:K17) -> 0
A20: ○ 보정계수 산정
A21: 보정계수 구분 | C21: 복잡도 및 난이도 수준 | J21: 보정계수
A22: SW규모 | C22: ="= 0.4057 x (log e("&A7&") - 7.1978)^2 + 0.8878 (단, 500FP 미만 1.28, 3,000FP 초과 1.153 적용)" -> = 0.4057 x (log e(268.3) - 7.1978)^2 + 0.8878 (단, 500FP 미만 1.28, 3,000FP 초과 1.153 적용) | J22: =IF(A7<500,1.28,IF(A7>3000,1.153,0.4057*(LN(A7)-7.1978)^2+0.8878)) -> 1.28
A23: 연계복잡성 | C23: 2. 1~2개의 타 기관 연계 | J23: =VLOOKUP(C23,M23:N27,2,1) -> 0.94 | M23: 1. 타 기관 연계 없음 | N23: 0.88
A24: 성능 요구수준 | C24: 3. 응답시간이나 처리율이 피크타임(peak time)에 중요하며, 처리 시한이 명시되어 있다. | J24: =VLOOKUP(C24,M28:N32,2,1) -> 1 | M24: 2. 1~2개의 타 기관 연계 | N24: 0.94
A25: 다중사이트 운영성 | C25: 2. 다중사이트 운영성에 대한 요구사항이 있으며, 동일 하드웨어 및 소프트웨어 환경에서 운영되도록 설계된다. | J25: =VLOOKUP(C25,M33:N37,2,1) -> 1 | M25: 3. 3~5개의 타 기관 연계 | N25: 1
A26: 보안성 요구수준 | C26: 2. 위의 4가지 항목 중 2가지 요구사항이 포함되어 있다. | J26: =VLOOKUP(C26,M38:N42,2,1) -> 1 | M26: 4. 6~10개의 타 기관 연계 | N26: 1.06
M27: 5. 10개 초과의 타 기관 연계 | N27: 1.12
A28: ○ FP 집계 | M28: 1. 응답성능에 대한 특별한 요구사항이 없다. | N28: 0.91
A29: 구분 | D29: ILF | E29: EIF | F29: EI | G29: EO | H29: EQ | I29: 계 | M29: 2. 응답성능에 대한 요구사항이 있으나 특별한 조치가 필요하지는 않다. | N29: 0.95
A30: 기능수 | D30: =COUNTIF('01. 데이터 수집·통합·표준화 FP산정'!E4:E73,"ILF") -> 15 | E30: =COUNTIF('01. 데이터 수집·통합·표준화 FP산정'!E4:E73,"EIF") -> 7 | F30: =COUNTIF('01. 데이터 수집·통합·표준화 FP산정'!E4:E73,"EI") -> 10 | G30: =COUNTIF('01. 데이터 수집·통합·표준화 FP산정'!E4:E73,"EO") -> 6 | H30: =COUNTIF('01. 데이터 수집·통합·표준화 FP산정'!E4:E73,"EQ") -> 12 | I30: =SUM(D30:H30) -> 50 | M30: 3. 응답시간이나 처리율이 피크타임(peak time)에 중요하며, 처리 시한이 명시되어 있다. | N30: 1
A31: 기능점수 | D31: =SUMIF('01. 데이터 수집·통합·표준화 FP산정'!E4:E79,"ILF",'01. 데이터 수집·통합·표준화 FP산정'!$F4:$F79) -> 112.5 | E31: =SUMIF('01. 데이터 수집·통합·표준화 FP산정'!E4:E79,"EIF",'01. 데이터 수집·통합·표준화 FP산정'!$F4:$F79) -> 37.8 | F31: =SUMIF('01. 데이터 수집·통합·표준화 FP산정'!E4:E79,"EI",'01. 데이터 수집·통합·표준화 FP산정'!$F4:$F79) -> 40 | G31: =SUMIF('01. 데이터 수집·통합·표준화 FP산정'!E4:E79,"EO",'01. 데이터 수집·통합·표준화 FP산정'!$F4:$F79) -> 31.2 | H31: =SUMIF('01. 데이터 수집·통합·표준화 FP산정'!E4:E79,"EQ",'01. 데이터 수집·통합·표준화 FP산정'!$F4:$F79) -> 46.8 | I31: =SUM(D31:H31) -> 268.3 | M31: 4. 응답시간이나 처리율이 모든 업무시간에 중요하며, 처리 시한이 명시되어 있다. | N31: 1.05
A32: 비중 | D32: =IF($I$31>0,D31/$I$31,"-") -> 0.41930675 | E32: =IF($I$31>0,E31/$I$31,"-") -> 0.14088707 | F32: =IF($I$31>0,F31/$I$31,"-") -> 0.14908684 | G32: =IF($I$31>0,G31/$I$31,"-") -> 0.11628774 | H32: =IF($I$31>0,H31/$I$31,"-") -> 0.17443161 | I32: =SUM(D32:H32) -> 1 | M32: 5. 응답성능 요구수준이 엄격하여, 설계, 개발 또는 구현 단계에서 성능 분석도구 사용이 필요하다. | N32: 1.09
M33: 1. 다중사이트 운영성에 대한 요구사항이 없다. | N33: 0.94
M34: 2. 다중사이트 운영성에 대한 요구사항이 있으며, 동일 하드웨어 및 소프트웨어 환경에서 운영되도록 설계된다. | N34: 1
M35: 3. 다중사이트 운영성에 대한 요구사항이 있으며, 유사 하드웨어 및 소프트웨어 환경에서 운영되도록 설계된다. | N35: 1.06
M36: 4. 다중사이트 운영성에 대한 요구사항이 있으며, 이질적인 하드웨어 및 소프트웨어 환경에서 운영되도록 설계된다. | N36: 1.13
M37: 5. 항목 4에 더하여 일반적 산출물 이외에 다중사이트에서 원활한 운영을 보장하기 위한 운영 절차의 문서화와 사전 모의훈련이 요구된다. | N37: 1.19
M38: 1. 암호화, 웹취약점 점검, 시큐어코딩, 개인정보보호 중 1가지 요구사항이 포함되어 있다. | N38: 0.97
M39: 2. 위의 4가지 항목 중 2가지 요구사항이 포함되어 있다. | N39: 1
M40: 3. 위의 4가지 항목 중 3가지 요구사항이 포함되어 있다. | N40: 1.03
M41: 4. 위의 4가지 항목이 모두 포함되어 있다. | N41: 1.06
M42: 5. 항목 4)에 더하여 추가적인 요구사항이 있다. | N42: 1.08
A44: FP산정
A45: FP산정

Sheet 01. 데이터 수집·통합·표준화 FP산정
A1: 데이터 수집·통합·표준화 기능점수
A2: 기능명 | E2: 데이터 및 트랜잭션 기능 | F2: FP 산출 | G2: 비고
A3: ①어플리 케이션명 | B3: ②세부 업무명 | C3: ③단위프로세스명 | D3: 단위프로세스 설명 | E3: ④FP유형 | F3: ⑤가중치
A4: 실증관련 데이터허브 고도화 | B4: 민원 데이터 수집 | C4: NGSI-LD 민원 데이터 모델 정의 | D4: 민원 데이터의 엔티티/속성 표준모델 정의 | E4: ILF | F4: =IF(E4="","",IF(E4="EI",4,IF(E4="EO",5.2,IF(E4="EQ",3.9,IF(E4="ILF",7.5,IF(E4="EIF",5.4)))))) -> 7.5
C5: RPA/ETL 수집 플로우 개발 | D5: 포털·만덕콜센터 데이터 자동수집, OCR/STT 포함 | E5: EI | F5: =IF(E5="","",IF(E5="EI",4,IF(E5="EO",5.2,IF(E5="EQ",3.9,IF(E5="ILF",7.5,IF(E5="EIF",5.4)))))) -> 4
C6: 수집 어댑터 설정 및 등록 | D6: 포털 API·파일서버 연계 어댑터 설정 | E6: EI | F6: =IF(E6="","",IF(E6="EI",4,IF(E6="EO",5.2,IF(E6="EQ",3.9,IF(E6="ILF",7.5,IF(E6="EIF",5.4)))))) -> 4
C7: 수집 결과 조회 및 검증 | D7: 수집 성공/실패 로그, 정상 여부 확인 | E7: EQ | F7: =IF(E7="","",IF(E7="EI",4,IF(E7="EO",5.2,IF(E7="EQ",3.9,IF(E7="ILF",7.5,IF(E7="EIF",5.4)))))) -> 3.9
B8: 센싱 이벤트 수집 | C8: NGSI-LD 이벤트 데이터 모델 정의 | D8: 화재·온도·음향 이벤트 엔티티 정의 | E8: ILF | F8: =IF(E8="","",IF(E8="EI",4,IF(E8="EO",5.2,IF(E8="EQ",3.9,IF(E8="ILF",7.5,IF(E8="EIF",5.4)))))) -> 7.5
C9: 실시간 이벤트 수집 플로우 개발 | D9: Kafka/ETL 기반 센서 이벤트 정규화 | E9: EI | F9: =IF(E9="","",IF(E9="EI",4,IF(E9="EO",5.2,IF(E9="EQ",3.9,IF(E9="ILF",7.5,IF(E9="EIF",5.4)))))) -> 4
C10: 센싱 서버 어댑터 설정 및 등록 | D10: CCTV·음원·열화상 서버 연계 | E10: EI | F10: =IF(E10="","",IF(E10="EI",4,IF(E10="EO",5.2,IF(E10="EQ",3.9,IF(E10="ILF",7.5,IF(E10="EIF",5.4)))))) -> 4
C11: 결과 검증 및 동기화 | D11: 시간/공간 동기화 및 다중센서 매칭 | E11: EQ | F11: =IF(E11="","",IF(E11="EI",4,IF(E11="EO",5.2,IF(E11="EQ",3.9,IF(E11="ILF",7.5,IF(E11="EIF",5.4)))))) -> 3.9
B12: 충전 인프라 데이터 수집 | C12: NGSI-LD 충전 데이터 모델 정의 | D12: 충전기·세션 엔티티 정의 | E12: ILF | F12: =IF(E12="","",IF(E12="EI",4,IF(E12="EO",5.2,IF(E12="EQ",3.9,IF(E12="ILF",7.5,IF(E12="EIF",5.4)))))) -> 7.5
C13: 충전 운영데이터 수집 플로우 개발 | D13: 상태/세션 로그·이상코드 스트리밍 | E13: EI | F13: =IF(E13="","",IF(E13="EI",4,IF(E13="EO",5.2,IF(E13="EQ",3.9,IF(E13="ILF",7.5,IF(E13="EIF",5.4)))))) -> 4
C14: 충전기 어댑터 설정 및 등록 | D14: 운영시스템 API 연계 | E14: EI | F14: =IF(E14="","",IF(E14="EI",4,IF(E14="EO",5.2,IF(E14="EQ",3.9,IF(E14="ILF",7.5,IF(E14="EIF",5.4)))))) -> 4
C15: 수집 결과 검증 및 이상탐지 | D15: 충전 실패·장기점유 패턴 검출 | E15: EQ | F15: =IF(E15="","",IF(E15="EI",4,IF(E15="EO",5.2,IF(E15="EQ",3.9,IF(E15="ILF",7.5,IF(E15="EIF",5.4)))))) -> 3.9
B16: 외부데이터 연계 | C16: NGSI-LD 외부데이터 모델 정의 | D16: 기상·112·119 데이터 엔티티 정의 | E16: ILF | F16: =IF(E16="","",IF(E16="EI",4,IF(E16="EO",5.2,IF(E16="EQ",3.9,IF(E16="ILF",7.5,IF(E16="EIF",5.4)))))) -> 7.5
C17: API 연계 플로우 개발 | D17: 기상청·112·119 긴급구조 API 호출 및 적재 | E17: EI | F17: =IF(E17="","",IF(E17="EI",4,IF(E17="EO",5.2,IF(E17="EQ",3.9,IF(E17="ILF",7.5,IF(E17="EIF",5.4)))))) -> 4
C18: API 어댑터 설정 및 등록 | D18: 외부 API 인증키·주기 관리 | E18: EIF | F18: =IF(E18="","",IF(E18="EI",4,IF(E18="EO",5.2,IF(E18="EQ",3.9,IF(E18="ILF",7.5,IF(E18="EIF",5.4)))))) -> 5.4
C19: 수집 결과 검증 | D19: API 응답 성공/실패 로그, 지연 모니터링 | E19: EQ | F19: =IF(E19="","",IF(E19="EI",4,IF(E19="EO",5.2,IF(E19="EQ",3.9,IF(E19="ILF",7.5,IF(E19="EIF",5.4)))))) -> 3.9
B20: 통합플랫폼 연계 | C20: NGSI-LD 통합플랫폼 모델 정의 | D20: 통합관제·허브 메타데이터 모델 정의 | E20: ILF | F20: =IF(E20="","",IF(E20="EI",4,IF(E20="EO",5.2,IF(E20="EQ",3.9,IF(E20="ILF",7.5,IF(E20="EIF",5.4)))))) -> 7.5
C21: 플랫폼 연계 플로우 개발 | D21: 통합관제·허브 데이터 연계 수집 | E21: EI | F21: =IF(E21="","",IF(E21="EI",4,IF(E21="EO",5.2,IF(E21="EQ",3.9,IF(E21="ILF",7.5,IF(E21="EIF",5.4)))))) -> 4
C22: 플랫폼 어댑터 설정 및 등록 | D22: 관제·허브 API/메시지큐 인터페이스 | E22: EIF | F22: =IF(E22="","",IF(E22="EI",4,IF(E22="EO",5.2,IF(E22="EQ",3.9,IF(E22="ILF",7.5,IF(E22="EIF",5.4)))))) -> 5.4
C23: 수집 결과 검증 | D23: 데이터 중복/지연 검증 | E23: EQ | F23: =IF(E23="","",IF(E23="EI",4,IF(E23="EO",5.2,IF(E23="EQ",3.9,IF(E23="ILF",7.5,IF(E23="EIF",5.4)))))) -> 3.9
B24: 데이터허브연계 | C24: 데이터허브 데이터 모델 입력 | D24: 데이터 허브 데이터 연계 모델 입력 기능 | E24: EIF | F24: =IF(E24="","",IF(E24="EI",4,IF(E24="EO",5.2,IF(E24="EQ",3.9,IF(E24="ILF",7.5,IF(E24="EIF",5.4)))))) -> 5.4
C25: 데이터허브 컨텍스트 정보 입력 | D25: 데이터 허브 컨텍스트 정보 입력 기능 | E25: EIF | F25: =IF(E25="","",IF(E25="EI",4,IF(E25="EO",5.2,IF(E25="EQ",3.9,IF(E25="ILF",7.5,IF(E25="EIF",5.4)))))) -> 5.4
C26: 데이터허브 데이터 셋 입력 | D26: 연계 대상 데이터 허브 데이터 셋 입력 기능 | E26: EIF | F26: =IF(E26="","",IF(E26="EI",4,IF(E26="EO",5.2,IF(E26="EQ",3.9,IF(E26="ILF",7.5,IF(E26="EIF",5.4)))))) -> 5.4
C27: 데이터허브 데이터 셋 플로우 입력 | D27: 연계 대상 데이터 허브 데이터 셋 플로우 입력 기능 | E27: EIF | F27: =IF(E27="","",IF(E27="EI",4,IF(E27="EO",5.2,IF(E27="EQ",3.9,IF(E27="ILF",7.5,IF(E27="EIF",5.4)))))) -> 5.4
C28: 데이터허브 구독 입력 | D28: 연계 대상 데이터 허브 구독 입력 기능 | E28: EIF | F28: =IF(E28="","",IF(E28="EI",4,IF(E28="EO",5.2,IF(E28="EQ",3.9,IF(E28="ILF",7.5,IF(E28="EIF",5.4)))))) -> 5.4
C29: 데이터허브 최종 데이터 조회 | D29: 연계 대상 데이터 허브 최종 데이터 조회 기능 | E29: EQ | F29: =IF(E29="","",IF(E29="EI",4,IF(E29="EO",5.2,IF(E29="EQ",3.9,IF(E29="ILF",7.5,IF(E29="EIF",5.4)))))) -> 3.9
C30: 데이터허브 이력 데이터 조회 | D30: 연계 대상 데이터 허브 이력 데이터 조회 기능 | E30: EQ | F30: =IF(E30="","",IF(E30="EI",4,IF(E30="EO",5.2,IF(E30="EQ",3.9,IF(E30="ILF",7.5,IF(E30="EIF",5.4)))))) -> 3.9
B31: 데이터 저장 | C31: 민원 텍스트 저장소 | D31: 민원 텍스트 데이터 저장 | E31: ILF | F31: =IF(E31="","",IF(E31="EI",4,IF(E31="EO",5.2,IF(E31="EQ",3.9,IF(E31="ILF",7.5,IF(E31="EIF",5.4)))))) -> 7.5
C32: OCR 이미지 저장소 | D32: OCR 변환 이미지 데이터 저장 | E32: ILF | F32: =IF(E32="","",IF(E32="EI",4,IF(E32="EO",5.2,IF(E32="EQ",3.9,IF(E32="ILF",7.5,IF(E32="EIF",5.4)))))) -> 7.5
C33: STT 음성 저장소 | D33: STT 전사 결과 저장 | E33: ILF | F33: =IF(E33="","",IF(E33="EI",4,IF(E33="EO",5.2,IF(E33="EQ",3.9,IF(E33="ILF",7.5,IF(E33="EIF",5.4)))))) -> 7.5
C34: 차량등록 데이터 저장소 | D34: 차량등록 행정데이터 저장 | E34: ILF | F34: =IF(E34="","",IF(E34="EI",4,IF(E34="EO",5.2,IF(E34="EQ",3.9,IF(E34="ILF",7.5,IF(E34="EIF",5.4)))))) -> 7.5
C35: 단속 데이터 저장소 | D35: 단속 행정데이터 저장 | E35: ILF | F35: =IF(E35="","",IF(E35="EI",4,IF(E35="EO",5.2,IF(E35="EQ",3.9,IF(E35="ILF",7.5,IF(E35="EIF",5.4)))))) -> 7.5
C36: GIS 데이터 저장소 | D36: GIS 공간정보 데이터 저장 | E36: ILF | F36: =IF(E36="","",IF(E36="EI",4,IF(E36="EO",5.2,IF(E36="EQ",3.9,IF(E36="ILF",7.5,IF(E36="EIF",5.4)))))) -> 7.5
C37: 외부데이터 저장소(기상청) | D37: 기상청 API 데이터 저장 | E37: ILF | F37: =IF(E37="","",IF(E37="EI",4,IF(E37="EO",5.2,IF(E37="EQ",3.9,IF(E37="ILF",7.5,IF(E37="EIF",5.4)))))) -> 7.5
C38: 외부데이터 저장소(112) | D38: 112 연계 데이터 저장 | E38: ILF | F38: =IF(E38="","",IF(E38="EI",4,IF(E38="EO",5.2,IF(E38="EQ",3.9,IF(E38="ILF",7.5,IF(E38="EIF",5.4)))))) -> 7.5
C39: 외부데이터 저장소(119) | D39: 119 연계 데이터 저장 | E39: ILF | F39: =IF(E39="","",IF(E39="EI",4,IF(E39="EO",5.2,IF(E39="EQ",3.9,IF(E39="ILF",7.5,IF(E39="EIF",5.4)))))) -> 7.5
C40: 표준 메타데이터 저장소 | D40: NGSI-LD 표준 메타데이터 저장 | E40: ILF | F40: =IF(E40="","",IF(E40="EI",4,IF(E40="EO",5.2,IF(E40="EQ",3.9,IF(E40="ILF",7.5,IF(E40="EIF",5.4)))))) -> 7.5
C41: ETL 배치 적재 처리 | D41: ETL 배치 데이터 적재 | E41: EI | F41: =IF(E41="","",IF(E41="EI",4,IF(E41="EO",5.2,IF(E41="EQ",3.9,IF(E41="ILF",7.5,IF(E41="EIF",5.4)))))) -> 4
C42: 스트리밍 적재 처리 | D42: 스트리밍 데이터 적재 | E42: EI | F42: =IF(E42="","",IF(E42="EI",4,IF(E42="EO",5.2,IF(E42="EQ",3.9,IF(E42="ILF",7.5,IF(E42="EIF",5.4)))))) -> 4
C43: 표준 변환 출력(JSON-LD) | D43: JSON-LD 변환 결과 출력 | E43: EO | F43: =IF(E43="","",IF(E43="EI",4,IF(E43="EO",5.2,IF(E43="EQ",3.9,IF(E43="ILF",7.5,IF(E43="EIF",5.4)))))) -> 5.2
... C53: 암호화 적용 검증 조회 | D53: 데이터 암호화 적용 검증 | E53: EQ | F53: =IF(E53="","",IF(E53="EI",4,IF(E53="EO",5.2,IF(E53="EQ",3.9,IF(E53="ILF",7.5,IF(E53="EIF",5.4)))))) -> 3.9
F54: =IF(E54="","",IF(E54="EI",4,IF(E54="EO",5.2,IF(E54="EQ",3.9,IF(E54="ILF",7.5,IF(E54="EIF",5.4))))))
A55: * 기능점수 산정 참고 | F55: =SUM(F4:F30) -> 134.6
A56: * FP 유형 = EI (Exteranl Input : 외부입력) EO (External Output : 외부출력) EQ (External Inquiries : 외부조회)
A57: ILF (Internal Logical Files : 내부논리파일) EIF(Externa Interface Files : 외부연계 파일)
A59: * 용어설명
A60: *ILF : 사용자 관점에서 식별 가능한, 논리적으로 연관된 하나의 데이터그룹 또는 제어정보로서 측정대상 애플리케이션 내부에서 유지되는 파일
A61: *EIF : 사용자 관점에서 식별 가능한, 사용자가 식별할 수 있는 논리적으로 연관된 하나의 데이터그룹 또는 제어정보로서
A62: 측정대상 애플리케이션 내부에서는 오직 참조만 되고 다른 애플리케이션에서 유지되는 파일
A63: *EI : 애플리케이션 경계 밖에서 들어오는 데이터나 제어정보를 처리하는 단위 프로세스로서, 하나 이상의 논리파일을 변경하거나 시스템 동작을 변경함
A64: *EO : 데이터나 제어정보 애플리케이션 경계 밖의 사용자에게 보여주는단위프로세스로서, 데이터나 제어정보에 처리로직이 적용됨.
A65: 처리로직은 하나 이상의 수학적 계산, 공식 또는 파생 데이터를 포함하거나, 하나 이상의 내부논리파일(ILF)의 유지관리 작업이 발생하거나,
A66: 시스템의 동작 변경이 수반됨
A67: *EQ : 데이터나 제어정보를 애플리케이션 경계 밖으로 보여주는 단위프로세스로서, 데이터나 제어정보를 단순히 사용자에게 제공함.
A68: 외부조회는 수학적 계산이나 공식을 사용하지 않으며, 파생 데이터도 생성하지 않음.
A69: 처리 과정에서 내부논리파일(ILF)의 유지관리작업이 발생하지 않으며 시스템의 동작도 변경하지 않음
G70: =IF(F70="","",IF(F70="EI",4,IF(F70="EO",5.2,IF(F70="EQ",3.9,IF(F70="ILF",7.5,IF(F70="EIF",5.4))))))

Sheet 02.데이터 전처리 용역
A1: 데이터 전처리 개발 용역
K2: (소프트웨어사업 대가산정 가이드, 24.05.13. (FP방식-간이법), KOSA)
A4: ○ 개발원가 산정 | J4: (단위 : 원)
A5: 총기능점수 | C5: 기능점수당 단가 | E5: 보정계수 | J5: 개발원가 | K5: 비고
E6: 규모 | F6: 연계복잡성 | G6: 성능 | H6: 다중사이트 | I6: 보안성
A7: =I31 -> 351 | C7: 605784 | E7: =J22 -> 1.28 | F7: =J23 -> 1.06 | G7: =J24 -> 1 | H7: =J25 -> 1 | I7: =J26 -> 1 | J7: =PRODUCT(A7:I7) -> 2.8849663e+08
A8: 합계(보정 후 개발원가) | J8: =SUM(J7:K7) -> 2.8849663e+08
A9: 기업이윤 | I9: 0.195 | J9: =J8*I9 -> 56256844
A10: 직접경비 | J10: -7208000
A11: 소프트웨어 개발비(부가세 별도) | J11: =J8+J9+J10 -> 3.3754548e+08
A12: 소프트웨어 개발비(부가세 포함, 10만원 이하 절사) | J12: =ROUNDDOWN(J11*1.1, -5) -> 371300000
A14: ○ 직접경비 | J14: (단위 : 원)
A15: 구분 | C15: 산출내역 | J15: 금액
A18: 합 계 | J18: =SUM(J16:K17) -> 0
A20: ○ 보정계수 산정
A21: 보정계수 구분 | C21: 복잡도 및 난이도 수준 | J21: 보정계수
A22: SW규모 | C22: ="= 0.4057 x (log e("&A7&") - 7.1978)^2 + 0.8878 (단, 500FP 미만 1.28, 3,000FP 초과 1.153 적용)" -> = 0.4057 x (log e(351) - 7.1978)^2 + 0.8878 (단, 500FP 미만 1.28, 3,000FP 초과 1.153 적용) | J22: =IF(A7<500,1.28,IF(A7>3000,1.153,0.4057*(LN(A7)-7.1978)^2+0.8878)) -> 1.28
A23: 연계복잡성 | C23: 4. 6~10개의 타 기관 연계 | J23: =VLOOKUP(C23,M23:N27,2,1) -> 1.06 | M23: 1. 타 기관 연계 없음 | N23: 0.88
A24: 성능 요구수준 | C24: 3. 응답시간이나 처리율이 피크타임(peak time)에 중요하며, 처리 시한이 명시되어 있다. | J24: =VLOOKUP(C24,M28:N32,2,1) -> 1 | M24: 2. 1~2개의 타 기관 연계 | N24: 0.94
A25: 다중사이트 운영성 | C25: 2. 다중사이트 운영성에 대한 요구사항이 있으며, 동일 하드웨어 및 소프트웨어 환경에서 운영되도록 설계된다. | J25: =VLOOKUP(C25,M33:N37,2,1) -> 1 | M25: 3. 3~5개의 타 기관 연계 | N25: 1
A26: 보안성 요구수준 | C26: 2. 위의 4가지 항목 중 2가지 요구사항이 포함되어 있다. | J26: =VLOOKUP(C26,M38:N42,2,1) -> 1 | M26: 4. 6~10개의 타 기관 연계 | N26: 1.06
M27: 5. 10개 초과의 타 기관 연계 | N27: 1.12
A28: ○ FP 집계 | M28: 1. 응답성능에 대한 특별한 요구사항이 없다. | N28: 0.91
A29: 구분 | D29: ILF | E29: EIF | F29: EI | G29: EO | H29: EQ | I29: 계 | M29: 2. 응답성능에 대한 요구사항이 있으나 특별한 조치가 필요하지는 않다. | N29: 0.95
A30: 기능수 | D30: =COUNTIF('02.데이터 전처리 FP산정'!E4:E70,"ILF") -> 20 | E30: =COUNTIF('02.데이터 전처리 FP산정'!E4:E70,"EIF") -> 0 | F30: =COUNTIF('02.데이터 전처리 FP산정'!E4:E70,"EI") -> 8 | G30: =COUNTIF('02.데이터 전처리 FP산정'!E4:E70,"EO") -> 22 | H30: =COUNTIF('02.데이터 전처리 FP산정'!E4:E70,"EQ") -> 14 | I30: =SUM(D30:H30) -> 64 | M30: 3. 응답시간이나 처리율이 피크타임(peak time)에 중요하며, 처리 시한이 명시되어 있다. | N30: 1
A31: 기능점수 | D31: =SUMIF('02.데이터 전처리 FP산정'!E4:E70,"ILF",'02.데이터 전처리 FP산정'!$F4:$F70) -> 150 | E31: =SUMIF('02.데이터 전처리 FP산정'!E4:E70,"EIF",'02.데이터 전처리 FP산정'!$F4:$F70) -> 0 | F31: =SUMIF('02.데이터 전처리 FP산정'!E4:E70,"EI",'02.데이터 전처리 FP산정'!$F4:$F70) -> 32 | G31: =SUMIF('02.데이터 전처리 FP산정'!E4:E70,"EO",'02.데이터 전처리 FP산정'!$F4:$F70) -> 114.4 | H31: =SUMIF('02.데이터 전처리 FP산정'!E4:E70,"EQ",'02.데이터 전처리 FP산정'!$F4:$F70) -> 54.6 | I31: =SUM(D31:H31) -> 351 | M31: 4. 응답시간이나 처리율이 모든 업무시간에 중요하며, 처리 시한이 명시되어 있다. | N31: 1.05
A32: 비중 | D32: =IF($I$31>0,D31/$I$31,"-") -> 0.42735043 | E32: =IF($I$31>0,E31/$I$31,"-") -> 0 | F32: =IF($I$31>0,F31/$I$31,"-") -> 0.091168091 | G32: =IF($I$31>0,G31/$I$31,"-") -> 0.32592593 | H32: =IF($I$31>0,H31/$I$31,"-") -> 0.15555556 | I32: =SUM(D32:H32) -> 1 | M32: 5. 응답성능 요구수준이 엄격하여, 설계, 개발 또는 구현 단계에서 성능 분석도구 사용이 필요하다. | N32: 1.09
M33: 1. 다중사이트 운영성에 대한 요구사항이 없다. | N33: 0.94
M34: 2. 다중사이트 운영성에 대한 요구사항이 있으며, 동일 하드웨어 및 소프트웨어 환경에서 운영되도록 설계된다. | N34: 1
M35: 3. 다중사이트 운영성에 대한 요구사항이 있으며, 유사 하드웨어 및 소프트웨어 환경에서 운영되도록 설계된다. | N35: 1.06
M36: 4. 다중사이트 운영성에 대한 요구사항이 있으며, 이질적인 하드웨어 및 소프트웨어 환경에서 운영되도록 설계된다. | N36: 1.13
M37: 5. 항목 4에 더하여 일반적 산출물 이외에 다중사이트에서 원활한 운영을 보장하기 위한 운영 절차의 문서화와 사전 모의훈련이 요구된다. | N37: 1.19
M38: 1. 암호화, 웹취약점 점검, 시큐어코딩, 개인정보보호 중 1가지 요구사항이 포함되어 있다. | N38: 0.97
M39: 2. 위의 4가지 항목 중 2가지 요구사항이 포함되어 있다. | N39: 1
M40: 3. 위의 4가지 항목 중 3가지 요구사항이 포함되어 있다. | N40: 1.03
M41: 4. 위의 4가지 항목이 모두 포함되어 있다. | N41: 1.06
M42: 5. 항목 4)에 더하여 추가적인 요구사항이 있다. | N42: 1.08
A44: FP산정
A45: FP산정

Sheet 02.데이터 전처리 FP산정
A1: 데이터 전처리 기능점수
A2: 기능명 | E2: 데이터 및 트랜잭션 기능 | F2: FP 산출 | G2: 비고
A3: ①어플리 케이션명 | B3: ②세부 업무명 | C3: ③단위프로세스명 | D3: 단위프로세스 설명 | E3: ④FP유형 | F3: ⑤가중치
A4: 실증관련 데이터허브 고도화 | B4: OCR 처리 | C4: OCR 템플릿/사전 저장 | D4: 문서 유형별 템플릿·사전 저장 | E4: ILF | F4: =IF(E4="","",IF(E4="EI",4,IF(E4="EO",5.2,IF(E4="EQ",3.9,IF(E4="ILF",7.5,IF(E4="EIF",5.4)))))) -> 7.5
C5: 다국어 폰트/문자셋 라이브러리 저장 | D5: 다국어 OCR 지원용 폰트/사전 저장 | E5: ILF | F5: =IF(E5="","",IF(E5="EI",4,IF(E5="EO",5.2,IF(E5="EQ",3.9,IF(E5="ILF",7.5,IF(E5="EIF",5.4)))))) -> 7.5
C6: 텍스트 추출 결과 출력 | D6: 스캔 PDF·이미지 → 텍스트 추출 | E6: EO | F6: =IF(E6="","",IF(E6="EI",4,IF(E6="EO",5.2,IF(E6="EQ",3.9,IF(E6="ILF",7.5,IF(E6="EIF",5.4)))))) -> 5.2
C7: 도면/표 추출 결과 출력 | D7: 표·도면 내 텍스트 별도 추출 결과 제공 | E7: EO | F7: =IF(E7="","",IF(E7="EI",4,IF(E7="EO",5.2,IF(E7="EQ",3.9,IF(E7="ILF",7.5,IF(E7="EIF",5.4)))))) -> 5.2
C8: 이미지 객체탐지 텍스트 분리 출력 | D8: 객체탐지 기반 텍스트 분리 출력 | E8: EO | F8: =IF(E8="","",IF(E8="EI",4,IF(E8="EO",5.2,IF(E8="EQ",3.9,IF(E8="ILF",7.5,IF(E8="EIF",5.4)))))) -> 5.2
C9: 변환 품질 검증 조회 | D9: OCR 정확도·오류 검증 리포트 | E9: EQ | F9: =IF(E9="","",IF(E9="EI",4,IF(E9="EO",5.2,IF(E9="EQ",3.9,IF(E9="ILF",7.5,IF(E9="EIF",5.4)))))) -> 3.9
C10: 문서별 품질 통계 조회 | D10: 문서별 성공/실패율 통계 조회 | E10: EQ | F10: =IF(E10="","",IF(E10="EI",4,IF(E10="EO",5.2,IF(E10="EQ",3.9,IF(E10="ILF",7.5,IF(E10="EIF",5.4)))))) -> 3.9
C11: OCR 모델 파라미터 저장 | D11: 모델 옵션/스코어링 기준 저장 | E11: ILF | F11: =IF(E11="","",IF(E11="EI",4,IF(E11="EO",5.2,IF(E11="EQ",3.9,IF(E11="ILF",7.5,IF(E11="EIF",5.4)))))) -> 7.5
C12: 필드 추출 매핑 저장소 | D12: 문서 필드-엔티티 매핑 규칙 저장 | E12: ILF | F12: =IF(E12="","",IF(E12="EI",4,IF(E12="EO",5.2,IF(E12="EQ",3.9,IF(E12="ILF",7.5,IF(E12="EIF",5.4)))))) -> 7.5
C13: 문서 유형 자동 분류 출력 | D13: 문서/양식 자동 분류 결과 | E13: EO | F13: =IF(E13="","",IF(E13="EI",4,IF(E13="EO",5.2,IF(E13="EQ",3.9,IF(E13="ILF",7.5,IF(E13="EIF",5.4)))))) -> 5.2
C14: 스캔 전처리 출력 | D14: 기울기 보정·노이즈 제거 결과 | E14: EO | F14: =IF(E14="","",IF(E14="EI",4,IF(E14="EO",5.2,IF(E14="EQ",3.9,IF(E14="ILF",7.5,IF(E14="EIF",5.4)))))) -> 5.2
C15: 테이블 구조 복원 출력 | D15: 셀 경계/병합 복원 결과 | E15: EO | F15: =IF(E15="","",IF(E15="EI",4,IF(E15="EO",5.2,IF(E15="EQ",3.9,IF(E15="ILF",7.5,IF(E15="EIF",5.4)))))) -> 5.2
C16: 레이아웃 분석 출력 | D16: 헤더/푸터/본문/주석 레이아웃 추출 | E16: EO | F16: =IF(E16="","",IF(E16="EI",4,IF(E16="EO",5.2,IF(E16="EQ",3.9,IF(E16="ILF",7.5,IF(E16="EIF",5.4)))))) -> 5.2
... C23: 품질 개선 피드백 저장 | D23: 검수 피드백/수정 이력 저장 | E23: ILF | F23: =IF(E23="","",IF(E23="EI",4,IF(E23="EO",5.2,IF(E23="EQ",3.9,IF(E23="ILF",7.5,IF(E23="EIF",5.4)))))) -> 7.5
B24: RPA 수집 | C24: 수집 시나리오 정의 저장 | D24: 포털·콜센터 RPA 시나리오 저장 | E24: ILF | F24: =IF(E24="","",IF(E24="EI",4,IF(E24="EO",5.2,IF(E24="EQ",3.9,IF(E24="ILF",7.5,IF(E24="EIF",5.4)))))) -> 7.5
C25: 계정/세션 관리 정책 저장 | D25: 로그인 계정/세션 정책 저장 | E25: ILF | F25: =IF(E25="","",IF(E25="EI",4,IF(E25="EO",5.2,IF(E25="EQ",3.9,IF(E25="ILF",7.5,IF(E25="EIF",5.4)))))) -> 7.5
C26: 수집 플로우 실행 | D26: 포털 자동 로그인·데이터 다운로드 | E26: EI | F26: =IF(E26="","",IF(E26="EI",4,IF(E26="EO",5.2,IF(E26="EQ",3.9,IF(E26="ILF",7.5,IF(E26="EIF",5.4)))))) -> 4
C27: 스케줄링/트리거 실행 | D27: 예약 실행·조건부 트리거 | E27: EI | F27: =IF(E27="","",IF(E27="EI",4,IF(E27="EO",5.2,IF(E27="EQ",3.9,IF(E27="ILF",7.5,IF(E27="EIF",5.4)))))) -> 4
C28: 재시도 실행 | D28: 장애 발생 시 자동 재시도 | E28: EI | F28: =IF(E28="","",IF(E28="EI",4,IF(E28="EO",5.2,IF(E28="EQ",3.9,IF(E28="ILF",7.5,IF(E28="EIF",5.4)))))) -> 4
C29: 실행 로그 검증 | D29: 성공/실패 로그 검증 | E29: EQ | F29: =IF(E29="","",IF(E29="EI",4,IF(E29="EO",5.2,IF(E29="EQ",3.9,IF(E29="ILF",7.5,IF(E29="EIF",5.4)))))) -> 3.9
C30: 프로세스별 리포트 조회 | D30: 수집별 성공률/실패율 통계 | E30: EQ | F30: =IF(E30="","",IF(E30="EI",4,IF(E30="EO",5.2,IF(E30="EQ",3.9,IF(E30="ILF",7.5,IF(E30="EIF",5.4)))))) -> 3.9
C31: 크리덴셜 금고 저장 | D31: 자격증명/키 보관·로테이션 정책 | E31: ILF | F31: =IF(E31="","",IF(E31="EI",4,IF(E31="EO",5.2,IF(E31="EQ",3.9,IF(E31="ILF",7.5,IF(E31="EIF",5.4)))))) -> 7.5
C32: 스케줄/트리거 정책 저장 | D32: 캘린더·예외일·재발 스케줄 정책 | E32: ILF | F32: =IF(E32="","",IF(E32="EI",4,IF(E32="EO",5.2,IF(E32="EQ",3.9,IF(E32="ILF",7.5,IF(E32="EIF",5.4)))))) -> 7.5
C33: 예외 패턴 룰 저장 | D33: 에러코드/화면변경 룰셋 | E33: ILF | F33: =IF(E33="","",IF(E33="EI",4,IF(E33="EO",5.2,IF(E33="EQ",3.9,IF(E33="ILF",7.5,IF(E33="EIF",5.4)))))) -> 7.5
C34: Captcha/OTP 처리 | D34: 2단계 인증 자동처리 | E34: EI | F34: =IF(E34="","",IF(E34="EI",4,IF(E34="EO",5.2,IF(E34="EQ",3.9,IF(E34="ILF",7.5,IF(E34="EIF",5.4)))))) -> 4
C35: 파일 업/다운로드 처리 | D35: 대용량 파일 전송/검증 | E35: EI | F35: =IF(E35="","",IF(E35="EI",4,IF(E35="EO",5.2,IF(E35="EQ",3.9,IF(E35="ILF",7.5,IF(E35="EIF",5.4)))))) -> 4
C36: API+RPA 하이브리드 처리 | D36: API/스크린 스크래핑 혼합 | E36: EI | F36: =IF(E36="","",IF(E36="EI",4,IF(E36="EO",5.2,IF(E36="EQ",3.9,IF(E36="ILF",7.5,IF(E36="EIF",5.4)))))) -> 4
... C43: 프록시/헤더 변조 처리 | D43: 우회·헤더 관리 자동화 | E43: EI | F43: =IF(E43="","",IF(E43="EI",4,IF(E43="EO",5.2,IF(E43="EQ",3.9,IF(E43="ILF",7.5,IF(E43="EIF",5.4)))))) -> 4
B44: STT 처리 | C44: 도메인 사전/모델 저장 | D44: 사투리·생활언어·도메인 모델 저장 | E44: ILF | F44: =IF(E44="","",IF(E44="EI",4,IF(E44="EO",5.2,IF(E44="EQ",3.9,IF(E44="ILF",7.5,IF(E44="EIF",5.4)))))) -> 7.5
C45: 사용자 커스텀 사전 저장 | D45: 사용자 정의 용어사전 저장 | E45: ILF | F45: =IF(E45="","",IF(E45="EI",4,IF(E45="EO",5.2,IF(E45="EQ",3.9,IF(E45="ILF",7.5,IF(E45="EIF",5.4)))))) -> 7.5
C46: 녹취 텍스트 변환 출력 | D46: 콜센터 음성 → 텍스트 변환 | E46: EO | F46: =IF(E46="","",IF(E46="EI",4,IF(E46="EO",5.2,IF(E46="EQ",3.9,IF(E46="ILF",7.5,IF(E46="EIF",5.4)))))) -> 5.2
C47: 발화자 분리 결과 출력 | D47: 화자 분리(Diarization) 결과 | E47: EO | F47: =IF(E47="","",IF(E47="EI",4,IF(E47="EO",5.2,IF(E47="EQ",3.9,IF(E47="ILF",7.5,IF(E47="EIF",5.4)))))) -> 5.2
C48: 개인정보 마스킹 출력 | D48: 전화번호·이름 마스킹 | E48: EO | F48: =IF(E48="","",IF(E48="EI",4,IF(E48="EO",5.2,IF(E48="EQ",3.9,IF(E48="ILF",7.5,IF(E48="EIF",5.4)))))) -> 5.2
C49: WER 성능 리포트 조회 | D49: WER 기반 성능 지표 | E49: EQ | F49: =IF(E49="","",IF(E49="EI",4,IF(E49="EO",5.2,IF(E49="EQ",3.9,IF(E49="ILF",7.5,IF(E49="EIF",5.4)))))) -> 3.9
C50: 발화자별 성능 리포트 조회 | D50: 화자별 정확도/시간 분석 | E50: EQ | F50: =IF(E50="","",IF(E50="EI",4,IF(E50="EO",5.2,IF(E50="EQ",3.9,IF(E50="ILF",7.5,IF(E50="EIF",5.4)))))) -> 3.9
C51: 언어/사투리 패킷 저장 | D51: 방언/발음 변이 패킷 저장 | E51: ILF | F51: =IF(E51="","",IF(E51="EI",4,IF(E51="EO",5.2,IF(E51="EQ",3.9,IF(E51="ILF",7.5,IF(E51="EIF",5.4)))))) -> 7.5
C52: 커스텀 음향모델 설정 저장 | D52: 노이즈/마이크 특성 보정 설정 | E52: ILF | F52: =IF(E52="","",IF(E52="EI",4,IF(E52="EO",5.2,IF(E52="EQ",3.9,IF(E52="ILF",7.5,IF(E52="EIF",5.4)))))) -> 7.5
C53: 실시간 스트리밍 변환 출력 | D53: 스트리밍 음성 실시간 변환 | E53: EO | F53: =IF(E53="","",IF(E53="EI",4,IF(E53="EO",5.2,IF(E53="EQ",3.9,IF(E53="ILF",7.5,IF(E53="EIF",5.4)))))) -> 5.2
C54: 배치 대량 변환 출력 | D54: 대량 파일 일괄 변환 | E54: EO | F54: =IF(E54="","",IF(E54="EI",4,IF(E54="EO",5.2,IF(E54="EQ",3.9,IF(E54="ILF",7.5,IF(E54="EIF",5.4)))))) -> 5.2
C55: 문장부호/대소문자 복원 출력 | D55: 구두점/케이싱 복원 | E55: EO | F55: =IF(E55="","",IF(E55="EI",4,IF(E55="EO",5.2,IF(E55="EQ",3.9,IF(E55="ILF",7.5,IF(E55="EIF",5.4)))))) -> 5.2
C56: 키워드 스포팅 출력 | D56: 긴급/금칙 키워드 탐지 | E56: EO | F56: =IF(E56="","",IF(E56="EI",4,IF(E56="EO",5.2,IF(E56="EQ",3.9,IF(E56="ILF",7.5,IF(E56="EIF",5.4)))))) -> 5.2
... C67: 언어 모델 버전 저장 | D67: LM 버전/릴리즈 메타 저장 | E67: ILF | F67: =IF(E67="","",IF(E67="EI",4,IF(E67="EO",5.2,IF(E67="EQ",3.9,IF(E67="ILF",7.5,IF(E67="EIF",5.4)))))) -> 7.5
F68: =IF(E68="","",IF(E68="EI",4,IF(E68="EO",5.2,IF(E68="EQ",3.9,IF(E68="ILF",7.5,IF(E68="EIF",5.4))))))
A69: * 기능점수 산정 참고 | F69: =SUM(F4:F67) -> 351
A70: * FP 유형 = EI (Exteranl Input : 외부입력) EO (External Output : 외부출력) EQ (External Inquiries : 외부조회)
A71: ILF (Internal Logical Files : 내부논리파일) EIF(Externa Interface Files : 외부연계 파일)
A73: * 용어설명
A74: *ILF : 사용자 관점에서 식별 가능한, 논리적으로 연관된 하나의 데이터그룹 또는 제어정보로서 측정대상 애플리케이션 내부에서 유지되는 파일
A75: *EIF : 사용자 관점에서 식별 가능한, 사용자가 식별할 수 있는 논리적으로 연관된 하나의 데이터그룹 또는 제어정보로서
A76: 측정대상 애플리케이션 내부에서는 오직 참조만 되고 다른 애플리케이션에서 유지되는 파일
A77: *EI : 애플리케이션 경계 밖에서 들어오는 데이터나 제어정보를 처리하는 단위 프로세스로서, 하나 이상의 논리파일을 변경하거나 시스템 동작을 변경함
A78: *EO : 데이터나 제어정보 애플리케이션 경계 밖의 사용자에게 보여주는단위프로세스로서, 데이터나 제어정보에 처리로직이 적용됨.
A79: 처리로직은 하나 이상의 수학적 계산, 공식 또는 파생 데이터를 포함하거나, 하나 이상의 내부논리파일(ILF)의 유지관리 작업이 발생하거나,
A80: 시스템의 동작 변경이 수반됨
A81: *EQ : 데이터나 제어정보를 애플리케이션 경계 밖으로 보여주는 단위프로세스로서, 데이터나 제어정보를 단순히 사용자에게 제공함.
A82: 외부조회는 수학적 계산이나 공식을 사용하지 않으며, 파생 데이터도 생성하지 않음.
A83: 처리 과정에서 내부논리파일(ILF)의 유지관리작업이 발생하지 않으며 시스템의 동작도 변경하지 않음
G84: =IF(F84="","",IF(F84="EI",4,IF(F84="EO",5.2,IF(F84="EQ",3.9,IF(F84="ILF",7.5,IF(F84="EIF",5.4))))))

Sheet 03.데이터 분석 기능 개발 용역
A1: 이벤트 데이터 분석 개발 용역
K2: (소프트웨어사업 대가산정 가이드, 24.05.13. (FP방식-간이법), KOSA)
A4: ○ 개발원가 산정 | J4: (단위 : 원)
A5: 총기능점수 | C5: 기능점수당 단가 | E5: 보정계수 | J5: 개발원가 | K5: 비고
E6: 규모 | F6: 연계복잡성 | G6: 성능 | H6: 다중사이트 | I6: 보안성
A7: =I31 -> 118.2 | C7: 605784 | E7: =J22 -> 1.28 | F7: =J23 -> 1.06 | G7: =J24 -> 1 | H7: =J25 -> 1 | I7: =J26 -> 1 | J7: =PRODUCT(A7:I7) -> 97151858
A8: 합계(보정 후 개발원가) | J8: =SUM(J7:K7) -> 97151858
A9: 기업이윤 | I9: 0.195 | J9: =J8*I9 -> 18944612
A10: 직접경비 | J10: -2641000
A11: 소프트웨어 개발비(부가세 별도) | J11: =J8+J9+J10 -> 1.1345547e+08
A12: 소프트웨어 개발비(부가세 포함, 10만원 이하 절사) | J12: =ROUNDDOWN(J11*1.1, -5) -> 124800000
A14: ○ 직접경비 | J14: (단위 : 원)
A15: 구분 | C15: 산출내역 | J15: 금액
A18: 합 계 | J18: =SUM(J16:K17) -> 0
A20: ○ 보정계수 산정
A21: 보정계수 구분 | C21: 복잡도 및 난이도 수준 | J21: 보정계수
A22: SW규모 | C22: ="= 0.4057 x (log e("&A7&") - 7.1978)^2 + 0.8878 (단, 500FP 미만 1.28, 3,000FP 초과 1.153 적용)" -> = 0.4057 x (log e(118.2) - 7.1978)^2 + 0.8878 (단, 500FP 미만 1.28, 3,000FP 초과 1.153 적용) | J22: =IF(A7<500,1.28,IF(A7>3000,1.153,0.4057*(LN(A7)-7.1978)^2+0.8878)) -> 1.28
A23: 연계복잡성 | C23: 4. 6~10개의 타 기관 연계 | J23: =VLOOKUP(C23,M23:N27,2,1) -> 1.06 | M23: 1. 타 기관 연계 없음 | N23: 0.88
A24: 성능 요구수준 | C24: 3. 응답시간이나 처리율이 피크타임(peak time)에 중요하며, 처리 시한이 명시되어 있다. | J24: =VLOOKUP(C24,M28:N32,2,1) -> 1 | M24: 2. 1~2개의 타 기관 연계 | N24: 0.94
A25: 다중사이트 운영성 | C25: 2. 다중사이트 운영성에 대한 요구사항이 있으며, 동일 하드웨어 및 소프트웨어 환경에서 운영되도록 설계된다. | J25: =VLOOKUP(C25,M33:N37,2,1) -> 1 | M25: 3. 3~5개의 타 기관 연계 | N25: 1
A26: 보안성 요구수준 | C26: 2. 위의 4가지 항목 중 2가지 요구사항이 포함되어 있다. | J26: =VLOOKUP(C26,M38:N42,2,1) -> 1 | M26: 4. 6~10개의 타 기관 연계 | N26: 1.06
M27: 5. 10개 초과의 타 기관 연계 | N27: 1.12
A28: ○ FP 집계 | M28: 1. 응답성능에 대한 특별한 요구사항이 없다. | N28: 0.91
A29: 구분 | D29: ILF | E29: EIF | F29: EI | G29: EO | H29: EQ | I29: 계 | M29: 2. 응답성능에 대한 요구사항이 있으나 특별한 조치가 필요하지는 않다. | N29: 0.95
A30: 기능수 | D30: =COUNTIF('04.데이터 분석 기능 FP산정'!E4:E76,"ILF") -> 6 | E30: =COUNTIF('04.데이터 분석 기능 FP산정'!E4:E76,"EIF") -> 0 | F30: =COUNTIF('04.데이터 분석 기능 FP산정'!E4:E76,"EI") -> 4 | G30: =COUNTIF('04.데이터 분석 기능 FP산정'!E4:E76,"EO") -> 8 | H30: =COUNTIF('04.데이터 분석 기능 FP산정'!E4:E76,"EQ") -> 4 | I30: =SUM(D30:H30) -> 22 | M30: 3. 응답시간이나 처리율이 피크타임(peak time)에 중요하며, 처리 시한이 명시되어 있다. | N30: 1
A31: 기능점수 | D31: =SUMIF('04.데이터 분석 기능 FP산정'!E4:E76,"ILF",'04.데이터 분석 기능 FP산정'!$F4:$F76) -> 45 | E31: =SUMIF('04.데이터 분석 기능 FP산정'!E4:E76,"EIF",'04.데이터 분석 기능 FP산정'!$F4:$F76) -> 0 | F31: =SUMIF('04.데이터 분석 기능 FP산정'!E4:E76,"EI",'04.데이터 분석 기능 FP산정'!$F4:$F76) -> 16 | G31: =SUMIF('04.데이터 분석 기능 FP산정'!E4:E76,"EO",'04.데이터 분석 기능 FP산정'!$F4:$F76) -> 41.6 | H31: =SUMIF('04.데이터 분석 기능 FP산정'!E4:E76,"EQ",'04.데이터 분석 기능 FP산정'!$F4:$F76) -> 15.6 | I31: =SUM(D31:H31) -> 118.2 | M31: 4. 응답시간이나 처리율이 모든 업무시간에 중요하며, 처리 시한이 명시되어 있다. | N31: 1.05
A32: 비중 | D32: =IF($I$31>0,D31/$I$31,"-") -> 0.38071066 | E32: =IF($I$31>0,E31/$I$31,"-") -> 0 | F32: =IF($I$31>0,F31/$I$31,"-") -> 0.13536379 | G32: =IF($I$31>0,G31/$I$31,"-") -> 0.35194585 | H32: =IF($I$31>0,H31/$I$31,"-") -> 0.1319797 | I32: =SUM(D32:H32) -> 1 | M32: 5. 응답성능 요구수준이 엄격하여, 설계, 개발 또는 구현 단계에서 성능 분석도구 사용이 필요하다. | N32: 1.09
M33: 1. 다중사이트 운영성에 대한 요구사항이 없다. | N33: 0.94
M34: 2. 다중사이트 운영성에 대한 요구사항이 있으며, 동일 하드웨어 및 소프트웨어 환경에서 운영되도록 설계된다. | N34: 1
M35: 3. 다중사이트 운영성에 대한 요구사항이 있으며, 유사 하드웨어 및 소프트웨어 환경에서 운영되도록 설계된다. | N35: 1.06
M36: 4. 다중사이트 운영성에 대한 요구사항이 있으며, 이질적인 하드웨어 및 소프트웨어 환경에서 운영되도록 설계된다. | N36: 1.13
M37: 5. 항목 4에 더하여 일반적 산출물 이외에 다중사이트에서 원활한 운영을 보장하기 위한 운영 절차의 문서화와 사전 모의훈련이 요구된다. | N37: 1.19
M38: 1. 암호화, 웹취약점 점검, 시큐어코딩, 개인정보보호 중 1가지 요구사항이 포함되어 있다. | N38: 0.97
M39: 2. 위의 4가지 항목 중 2가지 요구사항이 포함되어 있다. | N39: 1
M40: 3. 위의 4가지 항목 중 3가지 요구사항이 포함되어 있다. | N40: 1.03
M41: 4. 위의 4가지 항목이 모두 포함되어 있다. | N41: 1.06
M42: 5. 항목 4)에 더하여 추가적인 요구사항이 있다. | N42: 1.08
A44: FP산정
A45: FP산정

Sheet 04.데이터 분석 기능 FP산정
A1: 이벤트 데이터 분석 기능점수
A2: 기능명 | E2: 데이터 및 트랜잭션 기능 | F2: FP 산출 | G2: 비고
A3: ①어플리 케이션명 | B3: ②세부 업무명 | C3: ③단위프로세스명 | D3: 단위프로세스 설명 | E3: ④FP유형 | F3: ⑤가중치
A4: 공영주차장 스마트 안전 AI 분석 솔루션 | B4: 이벤트 데이터 분석 | C4: 화재 이벤트 정의 저장소 | D4: 불꽃·연기 이벤트 유형 정의 저장 | E4: ILF | F4: =IF(E4="","",IF(E4="EI",4,IF(E4="EO",5.2,IF(E4="EQ",3.9,IF(E4="ILF",7.5,IF(E4="EIF",5.4)))))) -> 7.5
C5: 온도 이벤트 정의 저장소 | D5: 온도 이상 감시 규칙 저장 | E5: ILF | F5: =IF(E5="","",IF(E5="EI",4,IF(E5="EO",5.2,IF(E5="EQ",3.9,IF(E5="ILF",7.5,IF(E5="EIF",5.4)))))) -> 7.5
C6: 음향 이벤트 정의 저장소 | D6: 폭발·비명·차량파손 이벤트 정의 저장 | E6: ILF | F6: =IF(E6="","",IF(E6="EI",4,IF(E6="EO",5.2,IF(E6="EQ",3.9,IF(E6="ILF",7.5,IF(E6="EIF",5.4)))))) -> 7.5
C7: 경보 단계 정책 저장소 | D7: 주의/경계/심각 단계 정책 저장 | E7: ILF | F7: =IF(E7="","",IF(E7="EI",4,IF(E7="EO",5.2,IF(E7="EQ",3.9,IF(E7="ILF",7.5,IF(E7="EIF",5.4)))))) -> 7.5
C8: 알림 채널 정책 저장소 | D8: 앱/SMS/이메일/웹훅 채널 정책 저장 | E8: ILF | F8: =IF(E8="","",IF(E8="EI",4,IF(E8="EO",5.2,IF(E8="EQ",3.9,IF(E8="ILF",7.5,IF(E8="EIF",5.4)))))) -> 7.5
C9: 센서/카메라 메타데이터 저장소 | D9: 설치 위치·사양 저장 | E9: ILF | F9: =IF(E9="","",IF(E9="EI",4,IF(E9="EO",5.2,IF(E9="EQ",3.9,IF(E9="ILF",7.5,IF(E9="EIF",5.4)))))) -> 7.5
C10: 실시간 화재 이벤트 수집 | D10: 화재(불꽃·연기) 스트림 실시간 수집 | E10: EI | F10: =IF(E10="","",IF(E10="EI",4,IF(E10="EO",5.2,IF(E10="EQ",3.9,IF(E10="ILF",7.5,IF(E10="EIF",5.4)))))) -> 4
C11: 실시간 온도 이벤트 수집 | D11: 온도 센싱 이벤트 수집 | E11: EI | F11: =IF(E11="","",IF(E11="EI",4,IF(E11="EO",5.2,IF(E11="EQ",3.9,IF(E11="ILF",7.5,IF(E11="EIF",5.4)))))) -> 4
C12: 실시간 음향 이벤트 수집 | D12: 음향 스트림 수집 | E12: EI | F12: =IF(E12="","",IF(E12="EI",4,IF(E12="EO",5.2,IF(E12="EQ",3.9,IF(E12="ILF",7.5,IF(E12="EIF",5.4)))))) -> 4
C13: 이벤트 탐지 결과 출력(화재) | D13: 화재 탐지 결과 출력 | E13: EO | F13: =IF(E13="","",IF(E13="EI",4,IF(E13="EO",5.2,IF(E13="EQ",3.9,IF(E13="ILF",7.5,IF(E13="EIF",5.4)))))) -> 5.2
C14: 이벤트 탐지 결과 출력(온도) | D14: 온도 이상 탐지 결과 출력 | E14: EO | F14: =IF(E14="","",IF(E14="EI",4,IF(E14="EO",5.2,IF(E14="EQ",3.9,IF(E14="ILF",7.5,IF(E14="EIF",5.4)))))) -> 5.2
C15: 이벤트 탐지 결과 출력(음향) | D15: 폭발음·비명 등 탐지 결과 출력 | E15: EO | F15: =IF(E15="","",IF(E15="EI",4,IF(E15="EO",5.2,IF(E15="EQ",3.9,IF(E15="ILF",7.5,IF(E15="EIF",5.4)))))) -> 5.2
C16: 알림 출력(앱) | D16: 앱 푸시 알림 출력 | E16: EO | F16: =IF(E16="","",IF(E16="EI",4,IF(E16="EO",5.2,IF(E16="EQ",3.9,IF(E16="ILF",7.5,IF(E16="EIF",5.4)))))) -> 5.2
... C25: 품질 대시보드 조회 | D25: 탐지율·지연·신뢰도 대시보드 | E25: EQ | F25: =IF(E25="","",IF(E25="EI",4,IF(E25="EO",5.2,IF(E25="EQ",3.9,IF(E25="ILF",7.5,IF(E25="EIF",5.4)))))) -> 3.9
A26: * 기능점수 산정 참고 | F26: =SUM(F4:F24) -> 114.3
A27: * FP 유형 = EI (Exteranl Input : 외부입력) EO (External Output : 외부출력) EQ (External Inquiries : 외부조회)
A28: ILF (Internal Logical Files : 내부논리파일) EIF(Externa Interface Files : 외부연계 파일)
A30: * 용어설명
A31: *ILF : 사용자 관점에서 식별 가능한, 논리적으로 연관된 하나의 데이터그룹 또는 제어정보로서 측정대상 애플리케이션 내부에서 유지되는 파일
A32: *EIF : 사용자 관점에서 식별 가능한, 사용자가 식별할 수 있는 논리적으로 연관된 하나의 데이터그룹 또는 제어정보로서
A33: 측정대상 애플리케이션 내부에서는 오직 참조만 되고 다른 애플리케이션에서 유지되는 파일
A34: *EI : 애플리케이션 경계 밖에서 들어오는 데이터나 제어정보를 처리하는 단위 프로세스로서, 하나 이상의 논리파일을 변경하거나 시스템 동작을 변경함
A35: *EO : 데이터나 제어정보 애플리케이션 경계 밖의 사용자에게 보여주는단위프로세스로서, 데이터나 제어정보에 처리로직이 적용됨.
A36: 처리로직은 하나 이상의 수학적 계산, 공식 또는 파생 데이터를 포함하거나, 하나 이상의 내부논리파일(ILF)의 유지관리 작업이 발생하거나,
A37: 시스템의 동작 변경이 수반됨
A38: *EQ : 데이터나 제어정보를 애플리케이션 경계 밖으로 보여주는 단위프로세스로서, 데이터나 제어정보를 단순히 사용자에게 제공함.
A39: 외부조회는 수학적 계산이나 공식을 사용하지 않으며, 파생 데이터도 생성하지 않음.
A40: 처리 과정에서 내부논리파일(ILF)의 유지관리작업이 발생하지 않으며 시스템의 동작도 변경하지 않음
G41: =IF(F41="","",IF(F41="EI",4,IF(F41="EO",5.2,IF(F41="EQ",3.9,IF(F41="ILF",7.5,IF(F41="EIF",5.4))))))

Sheet 04. LLM 기반 자연어 처리 응용 기능 용역
A1: LLM 기반 자연어 처리 응용 기능 개발 용역
K2: (소프트웨어사업 대가산정 가이드, 24.05.13. (FP방식-간이법), KOSA)
A4: ○ 개발원가 산정 | J4: (단위 : 원)
A5: 총기능점수 | C5: 기능점수당 단가 | E5: 보정계수 | J5: 개발원가 | K5: 비고
E6: 규모 | F6: 연계복잡성 | G6: 성능 | H6: 다중사이트 | I6: 보안성
A7: =I31 -> 697.4 | C7: 605784 | E7: =J22 -> 1.0594408 | F7: =J23 -> 1.06 | G7: =J24 -> 1 | H7: =J25 -> 1 | I7: =J26 -> 1 | J7: =PRODUCT(A7:I7) -> 4.7444112e+08
A8: 합계(보정 후 개발원가) | J8: =SUM(J7:K7) -> 4.7444112e+08
A9: 기업이윤 | I9: 0.195 | J9: =J8*I9 -> 92516018
A10: 직접경비 | J10: -13593000
A11: 소프트웨어 개발비(부가세 별도) | J11: =J8+J9+J10 -> 5.5336413e+08
A12: 소프트웨어 개발비(부가세 포함, 10만원 이하 절사) | J12: =ROUNDDOWN(J11*1.1, -5) -> 608700000
A14: ○ 직접경비 | J14: (단위 : 원)
A15: 구분 | C15: 산출내역 | J15: 금액
A18: 합 계 | J18: =SUM(J16:K17) -> 0
A20: ○ 보정계수 산정
A21: 보정계수 구분 | C21: 복잡도 및 난이도 수준 | J21: 보정계수
A22: SW규모 | C22: ="= 0.4057 x (log e("&A7&") - 7.1978)^2 + 0.8878 (단, 500FP 미만 1.28, 3,000FP 초과 1.153 적용)" -> = 0.4057 x (log e(697.399999999999) - 7.1978)^2 + 0.8878 (단, 500FP 미만 1.28, 3,000FP 초과 1.153 적용) | J22: =IF(A7<500,1.28,IF(A7>3000,1.153,0.4057*(LN(A7)-7.1978)^2+0.8878)) -> 1.0594408
A23: 연계복잡성 | C23: 4. 6~10개의 타 기관 연계 | J23: =VLOOKUP(C23,M23:N27,2,1) -> 1.06 | M23: 1. 타 기관 연계 없음 | N23: 0.88
A24: 성능 요구수준 | C24: 3. 응답시간이나 처리율이 피크타임(peak time)에 중요하며, 처리 시한이 명시되어 있다. | J24: =VLOOKUP(C24,M28:N32,2,1) -> 1 | M24: 2. 1~2개의 타 기관 연계 | N24: 0.94
A25: 다중사이트 운영성 | C25: 2. 다중사이트 운영성에 대한 요구사항이 있으며, 동일 하드웨어 및 소프트웨어 환경에서 운영되도록 설계된다. | J25: =VLOOKUP(C25,M33:N37,2,1) -> 1 | M25: 3. 3~5개의 타 기관 연계 | N25: 1
A26: 보안성 요구수준 | C26: 2. 위의 4가지 항목 중 2가지 요구사항이 포함되어 있다. | J26: =VLOOKUP(C26,M38:N42,2,1) -> 1 | M26: 4. 6~10개의 타 기관 연계 | N26: 1.06
M27: 5. 10개 초과의 타 기관 연계 | N27: 1.12
A28: ○ FP 집계 | M28: 1. 응답성능에 대한 특별한 요구사항이 없다. | N28: 0.91
A29: 구분 | D29: ILF | E29: EIF | F29: EI | G29: EO | H29: EQ | I29: 계 | M29: 2. 응답성능에 대한 요구사항이 있으나 특별한 조치가 필요하지는 않다. | N29: 0.95
A30: 기능수 | D30: =COUNTIF('04.LLM 기반 자연어 처리 응용 기능 산정'!E4:E184,"ILF") -> 24 | E30: =COUNTIF('04.LLM 기반 자연어 처리 응용 기능 산정'!E4:E184,"EIF") -> 0 | F30: =COUNTIF('04.LLM 기반 자연어 처리 응용 기능 산정'!E4:E184,"EI") -> 0 | G30: =COUNTIF('04.LLM 기반 자연어 처리 응용 기능 산정'!E4:E184,"EO") -> 83 | H30: =COUNTIF('04.LLM 기반 자연어 처리 응용 기능 산정'!E4:E184,"EQ") -> 22 | I30: =SUM(D30:H30) -> 129 | M30: 3. 응답시간이나 처리율이 피크타임(peak time)에 중요하며, 처리 시한이 명시되어 있다. | N30: 1
A31: 기능점수 | D31: =SUMIF('04.LLM 기반 자연어 처리 응용 기능 산정'!E4:E184,"ILF",'04.LLM 기반 자연어 처리 응용 기능 산정'!$F4:$F184) -> 180 | E31: =SUMIF('04.LLM 기반 자연어 처리 응용 기능 산정'!E4:E184,"EIF",'04.LLM 기반 자연어 처리 응용 기능 산정'!$F4:$F184) -> 0 | F31: =SUMIF('04.LLM 기반 자연어 처리 응용 기능 산정'!E4:E184,"EI",'04.LLM 기반 자연어 처리 응용 기능 산정'!$F4:$F184) -> 0 | G31: =SUMIF('04.LLM 기반 자연어 처리 응용 기능 산정'!E4:E184,"EO",'04.LLM 기반 자연어 처리 응용 기능 산정'!$F4:$F184) -> 431.6 | H31: =SUMIF('04.LLM 기반 자연어 처리 응용 기능 산정'!E4:E184,"EQ",'04.LLM 기반 자연어 처리 응용 기능 산정'!$F4:$F184) -> 85.8 | I31: =SUM(D31:H31) -> 697.4 | M31: 4. 응답시간이나 처리율이 모든 업무시간에 중요하며, 처리 시한이 명시되어 있다. | N31: 1.05
A32: 비중 | D32: =IF($I$31>0,D31/$I$31,"-") -> 0.25810152 | E32: =IF($I$31>0,E31/$I$31,"-") -> 0 | F32: =IF($I$31>0,F31/$I$31,"-") -> 0 | G32: =IF($I$31>0,G31/$I$31,"-") -> 0.61887009 | H32: =IF($I$31>0,H31/$I$31,"-") -> 0.12302839 | I32: =SUM(D32:H32) -> 1 | M32: 5. 응답성능 요구수준이 엄격하여, 설계, 개발 또는 구현 단계에서 성능 분석도구 사용이 필요하다. | N32: 1.09
M33: 1. 다중사이트 운영성에 대한 요구사항이 없다. | N33: 0.94
M34: 2. 다중사이트 운영성에 대한 요구사항이 있으며, 동일 하드웨어 및 소프트웨어 환경에서 운영되도록 설계된다. | N34: 1
M35: 3. 다중사이트 운영성에 대한 요구사항이 있으며, 유사 하드웨어 및 소프트웨어 환경에서 운영되도록 설계된다. | N35: 1.06
M36: 4. 다중사이트 운영성에 대한 요구사항이 있으며, 이질적인 하드웨어 및 소프트웨어 환경에서 운영되도록 설계된다. | N36: 1.13
M37: 5. 항목 4에 더하여 일반적 산출물 이외에 다중사이트에서 원활한 운영을 보장하기 위한 운영 절차의 문서화와 사전 모의훈련이 요구된다. | N37: 1.19
M38: 1. 암호화, 웹취약점 점검, 시큐어코딩, 개인정보보호 중 1가지 요구사항이 포함되어 있다. | N38: 0.97
M39: 2. 위의 4가지 항목 중 2가지 요구사항이 포함되어 있다. | N39: 1
M40: 3. 위의 4가지 항목 중 3가지 요구사항이 포함되어 있다. | N40: 1.03
M41: 4. 위의 4가지 항목이 모두 포함되어 있다. | N41: 1.06
M42: 5. 항목 4)에 더하여 추가적인 요구사항이 있다. | N42: 1.08
A44: FP산정
A45: FP산정

Sheet 04.LLM 기반 자연어 처리 응용 기능 산정
A1: LLM 기반 자연어 처리 응용 기능점수
A2: 기능명 | E2: 데이터 및 트랜잭션 기능 | F2: FP 산출 | G2: 비고
A3: ①어플리 케이션명 | B3: ②세부 업무명 | C3: ③단위프로세스명 | D3: 단위프로세스 설명 | E3: ④FP유형 | F3: ⑤가중치
A4: 공영주차장 스마트 안전 AI 분석 솔루션 | B4: LLM 생성 | C4: 프롬프트 템플릿 저장소 | D4: 도메인/업무별 템플릿, 버전, 승인상태 저장 | E4: ILF | F4: =IF(E4="","",IF(E4="EI",4,IF(E4="EO",5.2,IF(E4="EQ",3.9,IF(E4="ILF",7.5,IF(E4="EIF",5.4)))))) -> 7.5
C5: 응답 스키마 레지스트리 | D5: JSON 스키마/필수 필드/검증 규칙 저장 | E5: ILF | F5: =IF(E5="","",IF(E5="EI",4,IF(E5="EO",5.2,IF(E5="EQ",3.9,IF(E5="ILF",7.5,IF(E5="EIF",5.4)))))) -> 7.5
C6: 가이드·컴플라이언스 규칙 저장 | D6: 기관 규정, 금칙어/허용어, 검증 규칙 저장 | E6: ILF | F6: =IF(E6="","",IF(E6="EI",4,IF(E6="EO",5.2,IF(E6="EQ",3.9,IF(E6="ILF",7.5,IF(E6="EIF",5.4)))))) -> 7.5
C7: 톤/스타일 설정 저장 | D7: 시민친화/전문가/두괄식/간결체 등 스타일 설정 저장 | E7: ILF | F7: =IF(E7="","",IF(E7="EI",4,IF(E7="EO",5.2,IF(E7="EQ",3.9,IF(E7="ILF",7.5,IF(E7="EIF",5.4)))))) -> 7.5
C8: A/B 실험/롤백 설정 저장 | D8: 실험군/대조군, 릴리즈/롤백 메타 저장 | E8: ILF | F8: =IF(E8="","",IF(E8="EI",4,IF(E8="EO",5.2,IF(E8="EQ",3.9,IF(E8="ILF",7.5,IF(E8="EIF",5.4)))))) -> 7.5
C9: 민원답변문 생성(표준) | D9: 민원답변문 표준 스타일 자동 생성 | E9: EO | F9: =IF(E9="","",IF(E9="EI",4,IF(E9="EO",5.2,IF(E9="EQ",3.9,IF(E9="ILF",7.5,IF(E9="EIF",5.4)))))) -> 5.2
C10: 민원답변문 생성(시민친화) | D10: 민원답변문 시민친화 스타일 자동 생성 | E10: EO | F10: =IF(E10="","",IF(E10="EI",4,IF(E10="EO",5.2,IF(E10="EQ",3.9,IF(E10="ILF",7.5,IF(E10="EIF",5.4)))))) -> 5.2
C11: 민원답변문 생성(전문가톤) | D11: 민원답변문 전문가톤 스타일 자동 생성 | E11: EO | F11: =IF(E11="","",IF(E11="EI",4,IF(E11="EO",5.2,IF(E11="EQ",3.9,IF(E11="ILF",7.5,IF(E11="EIF",5.4)))))) -> 5.2
C12: 민원답변문 생성(두괄식) | D12: 민원답변문 두괄식 스타일 자동 생성 | E12: EO | F12: =IF(E12="","",IF(E12="EI",4,IF(E12="EO",5.2,IF(E12="EQ",3.9,IF(E12="ILF",7.5,IF(E12="EIF",5.4)))))) -> 5.2
C13: 민원답변문 생성(양식화) | D13: 민원답변문 양식화 스타일 자동 생성 | E13: EO | F13: =IF(E13="","",IF(E13="EI",4,IF(E13="EO",5.2,IF(E13="EQ",3.9,IF(E13="ILF",7.5,IF(E13="EIF",5.4)))))) -> 5.2
C14: 정책보고문 생성(표준) | D14: 정책보고문 표준 스타일 자동 생성 | E14: EO | F14: =IF(E14="","",IF(E14="EI",4,IF(E14="EO",5.2,IF(E14="EQ",3.9,IF(E14="ILF",7.5,IF(E14="EIF",5.4)))))) -> 5.2
C15: 정책보고문 생성(시민친화) | D15: 정책보고문 시민친화 스타일 자동 생성 | E15: EO | F15: =IF(E15="","",IF(E15="EI",4,IF(E15="EO",5.2,IF(E15="EQ",3.9,IF(E15="ILF",7.5,IF(E15="EIF",5.4)))))) -> 5.2
C16: 정책보고문 생성(전문가톤) | D16: 정책보고문 전문가톤 스타일 자동 생성 | E16: EO | F16: =IF(E16="","",IF(E16="EI",4,IF(E16="EO",5.2,IF(E16="EQ",3.9,IF(E16="ILF",7.5,IF(E16="EIF",5.4)))))) -> 5.2
... C41: 가이드 위반 사례 조회 | D41: 위반 응답 탐지 목록/빈도 조회 | E41: EQ | F41: =IF(E41="","",IF(E41="EI",4,IF(E41="EO",5.2,IF(E41="EQ",3.9,IF(E41="ILF",7.5,IF(E41="EIF",5.4)))))) -> 3.9
B42: LLM 요약 | C42: 요약 정책/템플릿 저장 | D42: 문단/문서/다문서 요약 정책·템플릿 저장 | E42: ILF | F42: =IF(E42="","",IF(E42="EI",4,IF(E42="EO",5.2,IF(E42="EQ",3.9,IF(E42="ILF",7.5,IF(E42="EIF",5.4)))))) -> 7.5
C43: 요약 결과 저장소 | D43: 원문-요약문 매핑/버전 저장 | E43: ILF | F43: =IF(E43="","",IF(E43="EI",4,IF(E43="EO",5.2,IF(E43="EQ",3.9,IF(E43="ILF",7.5,IF(E43="EIF",5.4)))))) -> 7.5
C44: 문단 요약(추상적) | D44: 문단 단위 추상적 요약 처리 | E44: EO | F44: =IF(E44="","",IF(E44="EI",4,IF(E44="EO",5.2,IF(E44="EQ",3.9,IF(E44="ILF",7.5,IF(E44="EIF",5.4)))))) -> 5.2
C45: 문서 요약(추상적) | D45: 문서 단위 추상적 요약 처리 | E45: EO | F45: =IF(E45="","",IF(E45="EI",4,IF(E45="EO",5.2,IF(E45="EQ",3.9,IF(E45="ILF",7.5,IF(E45="EIF",5.4)))))) -> 5.2
C46: 다문서 요약(추상적) | D46: 다문서 단위 추상적 요약 처리 | E46: EO | F46: =IF(E46="","",IF(E46="EI",4,IF(E46="EO",5.2,IF(E46="EQ",3.9,IF(E46="ILF",7.5,IF(E46="EIF",5.4)))))) -> 5.2
C47: 타임라인 요약(추상적) | D47: 타임라인 단위 추상적 요약 처리 | E47: EO | F47: =IF(E47="","",IF(E47="EI",4,IF(E47="EO",5.2,IF(E47="EQ",3.9,IF(E47="ILF",7.5,IF(E47="EIF",5.4)))))) -> 5.2
C48: 주제별 요약(추상적) | D48: 주제별 단위 추상적 요약 처리 | E48: EO | F48: =IF(E48="","",IF(E48="EI",4,IF(E48="EO",5.2,IF(E48="EQ",3.9,IF(E48="ILF",7.5,IF(E48="EIF",5.4)))))) -> 5.2
C49: 부서별 요약(추상적) | D49: 부서별 단위 추상적 요약 처리 | E49: EO | F49: =IF(E49="","",IF(E49="EI",4,IF(E49="EO",5.2,IF(E49="EQ",3.9,IF(E49="ILF",7.5,IF(E49="EIF",5.4)))))) -> 5.2
C50: 시민용 요약(추상적) | D50: 시민용 단위 추상적 요약 처리 | E50: EO | F50: =IF(E50="","",IF(E50="EI",4,IF(E50="EO",5.2,IF(E50="EQ",3.9,IF(E50="ILF",7.5,IF(E50="EIF",5.4)))))) -> 5.2
C51: 문단 요약(추출적) | D51: 문단 단위 추출적 요약 처리 | E51: EO | F51: =IF(E51="","",IF(E51="EI",4,IF(E51="EO",5.2,IF(E51="EQ",3.9,IF(E51="ILF",7.5,IF(E51="EIF",5.4)))))) -> 5.2
C52: 문서 요약(추출적) | D52: 문서 단위 추출적 요약 처리 | E52: EO | F52: =IF(E52="","",IF(E52="EI",4,IF(E52="EO",5.2,IF(E52="EQ",3.9,IF(E52="ILF",7.5,IF(E52="EIF",5.4)))))) -> 5.2
C53: 다문서 요약(추출적) | D53: 다문서 단위 추출적 요약 처리 | E53: EO | F53: =IF(E53="","",IF(E53="EI",4,IF(E53="EO",5.2,IF(E53="EQ",3.9,IF(E53="ILF",7.5,IF(E53="EIF",5.4)))))) -> 5.2
C54: 타임라인 요약(추출적) | D54: 타임라인 단위 추출적 요약 처리 | E54: EO | F54: =IF(E54="","",IF(E54="EI",4,IF(E54="EO",5.2,IF(E54="EQ",3.9,IF(E54="ILF",7.5,IF(E54="EIF",5.4)))))) -> 5.2
... C62: 요약 편향/누락 진단 | D62: 편향·중요정보 누락 탐지 | E62: EQ | F62: =IF(E62="","",IF(E62="EI",4,IF(E62="EO",5.2,IF(E62="EQ",3.9,IF(E62="ILF",7.5,IF(E62="EIF",5.4)))))) -> 3.9
B63: LLM 리라이팅 | C63: 스타일 가이드 저장(기관별) | D63: 기관 표준문체/용어 규정 저장 | E63: ILF | F63: =IF(E63="","",IF(E63="EI",4,IF(E63="EO",5.2,IF(E63="EQ",3.9,IF(E63="ILF",7.5,IF(E63="EIF",5.4)))))) -> 7.5
C64: 스타일 가이드 저장(부서별) | D64: 부서별 특화 규칙 저장 | E64: ILF | F64: =IF(E64="","",IF(E64="EI",4,IF(E64="EO",5.2,IF(E64="EQ",3.9,IF(E64="ILF",7.5,IF(E64="EIF",5.4)))))) -> 7.5
C65: 용어/동의어 사전 저장 | D65: 표준용어/금칙어/동의어 관리 | E65: ILF | F65: =IF(E65="","",IF(E65="EI",4,IF(E65="EO",5.2,IF(E65="EQ",3.9,IF(E65="ILF",7.5,IF(E65="EIF",5.4)))))) -> 7.5
C66: 문체 변경 | D66: 경어/간결체/설명체 등 문체 전환 | E66: EO | F66: =IF(E66="","",IF(E66="EI",4,IF(E66="EO",5.2,IF(E66="EQ",3.9,IF(E66="ILF",7.5,IF(E66="EIF",5.4)))))) -> 5.2
C67: 용어 정규화 | D67: 표준 용어로 자동 치환 | E67: EO | F67: =IF(E67="","",IF(E67="EI",4,IF(E67="EO",5.2,IF(E67="EQ",3.9,IF(E67="ILF",7.5,IF(E67="EIF",5.4)))))) -> 5.2
C68: 다국어 번역 보정 | D68: 번역 후 어색한 표현 보정 | E68: EO | F68: =IF(E68="","",IF(E68="EI",4,IF(E68="EO",5.2,IF(E68="EQ",3.9,IF(E68="ILF",7.5,IF(E68="EIF",5.4)))))) -> 5.2
C69: 가독성 향상 | D69: 문장 길이/구조 최적화 | E69: EO | F69: =IF(E69="","",IF(E69="EI",4,IF(E69="EO",5.2,IF(E69="EQ",3.9,IF(E69="ILF",7.5,IF(E69="EIF",5.4)))))) -> 5.2
C70: 독해등급 조정 | D70: 읽기 수준(예: B2/C1) 맞춤 | E70: EO | F70: =IF(E70="","",IF(E70="EI",4,IF(E70="EO",5.2,IF(E70="EQ",3.9,IF(E70="ILF",7.5,IF(E70="EIF",5.4)))))) -> 5.2
C71: 포맷 적합화 | D71: 기관 양식/목차 규격 맞춤 | E71: EO | F71: =IF(E71="","",IF(E71="EI",4,IF(E71="EO",5.2,IF(E71="EQ",3.9,IF(E71="ILF",7.5,IF(E71="EIF",5.4)))))) -> 5.2
C72: 버전별 수정 비교 조회 | D72: 원문-수정문 Diff/하이라이트 | E72: EQ | F72: =IF(E72="","",IF(E72="EI",4,IF(E72="EO",5.2,IF(E72="EQ",3.9,IF(E72="ILF",7.5,IF(E72="EIF",5.4)))))) -> 3.9
C73: 가독성/길이 제한 준수 조회 | D73: 가독지수/글자수 검증 | E73: EQ | F73: =IF(E73="","",IF(E73="EI",4,IF(E73="EO",5.2,IF(E73="EQ",3.9,IF(E73="ILF",7.5,IF(E73="EIF",5.4)))))) -> 3.9
B74: LLM 검색 | C74: 민원데이터 벡터 인덱스 저장 | D74: 민원 텍스트 임베딩 인덱스 | E74: ILF | F74: =IF(E74="","",IF(E74="EI",4,IF(E74="EO",5.2,IF(E74="EQ",3.9,IF(E74="ILF",7.5,IF(E74="EIF",5.4)))))) -> 7.5
C75: 행정문서 벡터 인덱스 저장 | D75: 행정문서 임베딩 인덱스 | E75: ILF | F75: =IF(E75="","",IF(E75="EI",4,IF(E75="EO",5.2,IF(E75="EQ",3.9,IF(E75="ILF",7.5,IF(E75="EIF",5.4)))))) -> 7.5
C76: 법규/조례 벡터 인덱스 저장 | D76: 법규·조례 임베딩 인덱스 | E76: ILF | F76: =IF(E76="","",IF(E76="EI",4,IF(E76="EO",5.2,IF(E76="EQ",3.9,IF(E76="ILF",7.5,IF(E76="EIF",5.4)))))) -> 7.5
C77: 요약/키프레이즈 인덱스 저장 | D77: 요약문/키프레이즈 보조 인덱스 | E77: ILF | F77: =IF(E77="","",IF(E77="EI",4,IF(E77="EO",5.2,IF(E77="EQ",3.9,IF(E77="ILF",7.5,IF(E77="EIF",5.4)))))) -> 7.5
C78: 교차언어 인덱스 저장 | D78: 한영 교차검색 인덱스 | E78: ILF | F78: =IF(E78="","",IF(E78="EI",4,IF(E78="EO",5.2,IF(E78="EQ",3.9,IF(E78="ILF",7.5,IF(E78="EIF",5.4)))))) -> 7.5
C79: 인용/출처 맵 저장 | D79: 청크-출처-문서 링크 매핑 | E79: ILF | F79: =IF(E79="","",IF(E79="EI",4,IF(E79="EO",5.2,IF(E79="EQ",3.9,IF(E79="ILF",7.5,IF(E79="EIF",5.4)))))) -> 7.5
C80: 중복/유사 문서 맵 저장 | D80: 문서 중복/유사 매핑 저장 | E80: ILF | F80: =IF(E80="","",IF(E80="EI",4,IF(E80="EO",5.2,IF(E80="EQ",3.9,IF(E80="ILF",7.5,IF(E80="EIF",5.4)))))) -> 7.5
C81: 키워드 검색 처리 | D81: BM25 등 키워드 기반 검색 | E81: EO | F81: =IF(E81="","",IF(E81="EI",4,IF(E81="EO",5.2,IF(E81="EQ",3.9,IF(E81="ILF",7.5,IF(E81="EIF",5.4)))))) -> 5.2
C82: 의미기반 검색 처리 | D82: 임베딩 유사도 검색 | E82: EO | F82: =IF(E82="","",IF(E82="EI",4,IF(E82="EO",5.2,IF(E82="EQ",3.9,IF(E82="ILF",7.5,IF(E82="EIF",5.4)))))) -> 5.2
C83: 하이브리드 검색 처리 | D83: 키워드+의미 결합 검색 | E83: EO | F83: =IF(E83="","",IF(E83="EI",4,IF(E83="EO",5.2,IF(E83="EQ",3.9,IF(E83="ILF",7.5,IF(E83="EIF",5.4)))))) -> 5.2
C84: 확장질의 검색 처리 | D84: 질의 확장(동의어/하이픈 등) | E84: EO | F84: =IF(E84="","",IF(E84="EI",4,IF(E84="EO",5.2,IF(E84="EQ",3.9,IF(E84="ILF",7.5,IF(E84="EIF",5.4)))))) -> 5.2
C85: 시간/분야 필터 검색 | D85: 기간/도메인 필터링 검색 | E85: EO | F85: =IF(E85="","",IF(E85="EI",4,IF(E85="EO",5.2,IF(E85="EQ",3.9,IF(E85="ILF",7.5,IF(E85="EIF",5.4)))))) -> 5.2
C86: 엔티티 필터 검색 | D86: 기관/지명/차량 등 엔티티 필터 | E86: EO | F86: =IF(E86="","",IF(E86="EI",4,IF(E86="EO",5.2,IF(E86="EQ",3.9,IF(E86="ILF",7.5,IF(E86="EIF",5.4)))))) -> 5.2
... C92: 깨진 링크/미대응 조회 | D92: 404/403/타임아웃 탐지 | E92: EQ | F92: =IF(E92="","",IF(E92="EI",4,IF(E92="EO",5.2,IF(E92="EQ",3.9,IF(E92="ILF",7.5,IF(E92="EIF",5.4)))))) -> 3.9
B93: LLM 질의응답 | C93: Q&A 세션 저장소 | D93: 대화 히스토리/컨텍스트 저장 | E93: ILF | F93: =IF(E93="","",IF(E93="EI",4,IF(E93="EO",5.2,IF(E93="EQ",3.9,IF(E93="ILF",7.5,IF(E93="EIF",5.4)))))) -> 7.5
C94: 질문 유형/의도 사전 저장 | D94: FAQ 의도/슬롯 정의 저장 | E94: ILF | F94: =IF(E94="","",IF(E94="EI",4,IF(E94="EO",5.2,IF(E94="EQ",3.9,IF(E94="ILF",7.5,IF(E94="EIF",5.4)))))) -> 7.5
C95: 민원 Q&A(불법주차) | D95: 불법주차 민원 응답 생성 | E95: EO | F95: =IF(E95="","",IF(E95="EI",4,IF(E95="EO",5.2,IF(E95="EQ",3.9,IF(E95="ILF",7.5,IF(E95="EIF",5.4)))))) -> 5.2
C96: 민원 Q&A(충전구역) | D96: 충전구역 민원 응답 생성 | E96: EO | F96: =IF(E96="","",IF(E96="EI",4,IF(E96="EO",5.2,IF(E96="EQ",3.9,IF(E96="ILF",7.5,IF(E96="EIF",5.4)))))) -> 5.2
C97: 민원 Q&A(보행안전) | D97: 보행안전 민원 응답 생성 | E97: EO | F97: =IF(E97="","",IF(E97="EI",4,IF(E97="EO",5.2,IF(E97="EQ",3.9,IF(E97="ILF",7.5,IF(E97="EIF",5.4)))))) -> 5.2
C98: 민원 Q&A(화재안전) | D98: 화재안전 민원 응답 생성 | E98: EO | F98: =IF(E98="","",IF(E98="EI",4,IF(E98="EO",5.2,IF(E98="EQ",3.9,IF(E98="ILF",7.5,IF(E98="EIF",5.4)))))) -> 5.2
C99: 정책 Q&A(조례) | D99: 조례 근거 제시형 Q&A | E99: EO | F99: =IF(E99="","",IF(E99="EI",4,IF(E99="EO",5.2,IF(E99="EQ",3.9,IF(E99="ILF",7.5,IF(E99="EIF",5.4)))))) -> 5.2
C100: 정책 Q&A(행정규칙) | D100: 행정규칙 근거 제시형 Q&A | E100: EO | F100: =IF(E100="","",IF(E100="EI",4,IF(E100="EO",5.2,IF(E100="EQ",3.9,IF(E100="ILF",7.5,IF(E100="EIF",5.4)))))) -> 5.2
C101: 지식기반 Q&A | D101: RAG 근거 제시형 Q&A | E101: EO | F101: =IF(E101="","",IF(E101="EI",4,IF(E101="EO",5.2,IF(E101="EQ",3.9,IF(E101="ILF",7.5,IF(E101="EIF",5.4)))))) -> 5.2
C102: 모호질문 Clarify | D102: 추가질문 생성·명료화 | E102: EO | F102: =IF(E102="","",IF(E102="EI",4,IF(E102="EO",5.2,IF(E102="EQ",3.9,IF(E102="ILF",7.5,IF(E102="EIF",5.4)))))) -> 5.2
C103: 도구호출 보조응답 | D103: 툴콜 결과 반영 응답 | E103: EO | F103: =IF(E103="","",IF(E103="EI",4,IF(E103="EO",5.2,IF(E103="EQ",3.9,IF(E103="ILF",7.5,IF(E103="EIF",5.4)))))) -> 5.2
C104: 휴먼핸드오프 트리거 | D104: 사람 검수로 전환 | E104: EO | F104: =IF(E104="","",IF(E104="EI",4,IF(E104="EO",5.2,IF(E104="EQ",3.9,IF(E104="ILF",7.5,IF(E104="EIF",5.4)))))) -> 5.2
C105: 근거 일치/신뢰도 점수 조회 | D105: 출처-응답 일치/신뢰도 | E105: EQ | F105: =IF(E105="","",IF(E105="EI",4,IF(E105="EO",5.2,IF(E105="EQ",3.9,IF(E105="ILF",7.5,IF(E105="EIF",5.4)))))) -> 3.9
... C107: 세션 요약/품질 조회 | D107: 세션별 품질/만족도 요약 | E107: EQ | F107: =IF(E107="","",IF(E107="EI",4,IF(E107="EO",5.2,IF(E107="EQ",3.9,IF(E107="ILF",7.5,IF(E107="EIF",5.4)))))) -> 3.9
B108: LLM 클러스터링 | C108: 클러스터 레이블 사전 저장 | D108: 군집 레이블/설명어 사전 | E108: ILF | F108: =IF(E108="","",IF(E108="EI",4,IF(E108="EO",5.2,IF(E108="EQ",3.9,IF(E108="ILF",7.5,IF(E108="EIF",5.4)))))) -> 7.5
C109: 클러스터 센트로이드/프로토타입 저장 | D109: 군집 대표 벡터/문장 저장 | E109: ILF | F109: =IF(E109="","",IF(E109="EI",4,IF(E109="EO",5.2,IF(E109="EQ",3.9,IF(E109="ILF",7.5,IF(E109="EIF",5.4)))))) -> 7.5
C110: 민원 주제 군집 탐지 | D110: 주제별 군집 갱신 | E110: EO | F110: =IF(E110="","",IF(E110="EI",4,IF(E110="EO",5.2,IF(E110="EQ",3.9,IF(E110="ILF",7.5,IF(E110="EIF",5.4)))))) -> 5.2
C111: 불법주차 패턴 군집 탐지 | D111: 불법주차 클러스터 갱신 | E111: EO | F111: =IF(E111="","",IF(E111="EI",4,IF(E111="EO",5.2,IF(E111="EQ",3.9,IF(E111="ILF",7.5,IF(E111="EIF",5.4)))))) -> 5.2
C112: 안전사고 패턴 군집 탐지 | D112: 안전사고 클러스터 갱신 | E112: EO | F112: =IF(E112="","",IF(E112="EI",4,IF(E112="EO",5.2,IF(E112="EQ",3.9,IF(E112="ILF",7.5,IF(E112="EIF",5.4)))))) -> 5.2
C113: 이벤트 탐지/변화점 감지 | D113: 급증 주제·이상 변화 감지 | E113: EO | F113: =IF(E113="","",IF(E113="EI",4,IF(E113="EO",5.2,IF(E113="EQ",3.9,IF(E113="ILF",7.5,IF(E113="EIF",5.4)))))) -> 5.2
C114: 군집 병합/분할 처리 | D114: 유사 군집 병합, 과대 군집 분할 | E114: EO | F114: =IF(E114="","",IF(E114="EI",4,IF(E114="EO",5.2,IF(E114="EQ",3.9,IF(E114="ILF",7.5,IF(E114="EIF",5.4)))))) -> 5.2
C115: 군집 요약/설명 생성 | D115: 군집 설명/키워드/대표문장 생성 | E115: EO | F115: =IF(E115="","",IF(E115="EI",4,IF(E115="EO",5.2,IF(E115="EQ",3.9,IF(E115="ILF",7.5,IF(E115="EIF",5.4)))))) -> 5.2
C116: 실루엣/DBI 지표 조회 | D116: Silhouette/Davies-Bouldin | E116: EQ | F116: =IF(E116="","",IF(E116="EI",4,IF(E116="EO",5.2,IF(E116="EQ",3.9,IF(E116="ILF",7.5,IF(E116="EIF",5.4)))))) -> 3.9
C117: Purity/ARI 지표 조회 | D117: 정확도/Adjusted Rand Index | E117: EQ | F117: =IF(E117="","",IF(E117="EI",4,IF(E117="EO",5.2,IF(E117="EQ",3.9,IF(E117="ILF",7.5,IF(E117="EIF",5.4)))))) -> 3.9
C118: 군집 안정성/드리프트 조회 | D118: 시간대별 안정성/개념드리프트 | E118: EQ | F118: =IF(E118="","",IF(E118="EI",4,IF(E118="EO",5.2,IF(E118="EQ",3.9,IF(E118="ILF",7.5,IF(E118="EIF",5.4)))))) -> 3.9
B119: LLM 분류 | C119: 라벨 체계/계층 저장 | D119: 카테고리/하위카테고리/코드 | E119: ILF | F119: =IF(E119="","",IF(E119="EI",4,IF(E119="EO",5.2,IF(E119="EQ",3.9,IF(E119="ILF",7.5,IF(E119="EIF",5.4)))))) -> 7.5
C120: 임계치/캘리브레이션 저장 | D120: 클래스별 임계치/온도 scaling | E120: ILF | F120: =IF(E120="","",IF(E120="EI",4,IF(E120="EO",5.2,IF(E120="EQ",3.9,IF(E120="ILF",7.5,IF(E120="EIF",5.4)))))) -> 7.5
C121: 모델카드/추적 메타 저장 | D121: 버전/학습데이터/핑거프린트 | E121: ILF | F121: =IF(E121="","",IF(E121="EI",4,IF(E121="EO",5.2,IF(E121="EQ",3.9,IF(E121="ILF",7.5,IF(E121="EIF",5.4)))))) -> 7.5
C122: 단일라벨 분류 처리 | D122: 단일 클래스 분류 | E122: EO | F122: =IF(E122="","",IF(E122="EI",4,IF(E122="EO",5.2,IF(E122="EQ",3.9,IF(E122="ILF",7.5,IF(E122="EIF",5.4)))))) -> 5.2
C123: 멀티라벨 분류 처리 | D123: 복수 클래스 분류 | E123: EO | F123: =IF(E123="","",IF(E123="EI",4,IF(E123="EO",5.2,IF(E123="EQ",3.9,IF(E123="ILF",7.5,IF(E123="EIF",5.4)))))) -> 5.2
C124: 계층적 분류 처리 | D124: 상→하위 계층 분류 | E124: EO | F124: =IF(E124="","",IF(E124="EI",4,IF(E124="EO",5.2,IF(E124="EQ",3.9,IF(E124="ILF",7.5,IF(E124="EIF",5.4)))))) -> 5.2
C125: 규칙+ML 앙상블 분류 | D125: 룰/모델 앙상블 | E125: EO | F125: =IF(E125="","",IF(E125="EI",4,IF(E125="EO",5.2,IF(E125="EQ",3.9,IF(E125="ILF",7.5,IF(E125="EIF",5.4)))))) -> 5.2
C126: 설명가능 분류 결과 출력 | D126: 근거/특징 중요도 설명 | E126: EO | F126: =IF(E126="","",IF(E126="EI",4,IF(E126="EO",5.2,IF(E126="EQ",3.9,IF(E126="ILF",7.5,IF(E126="EIF",5.4)))))) -> 5.2
C127: 임계치 튜닝/검증 처리 | D127: 베이지안/그리드 서치 | E127: EO | F127: =IF(E127="","",IF(E127="EI",4,IF(E127="EO",5.2,IF(E127="EQ",3.9,IF(E127="ILF",7.5,IF(E127="EIF",5.4)))))) -> 5.2
C128: 드리프트 감지 처리 | D128: 분포·성능 드리프트 탐지 | E128: EO | F128: =IF(E128="","",IF(E128="EI",4,IF(E128="EO",5.2,IF(E128="EQ",3.9,IF(E128="ILF",7.5,IF(E128="EIF",5.4)))))) -> 5.2
C129: 클래스별 정밀/재현/F1 조회 | D129: Precision/Recall/F1 | E129: EQ | F129: =IF(E129="","",IF(E129="EI",4,IF(E129="EO",5.2,IF(E129="EQ",3.9,IF(E129="ILF",7.5,IF(E129="EIF",5.4)))))) -> 3.9
C130: 혼동행렬/ROC 조회 | D130: Confusion/ROC-AUC | E130: EQ | F130: =IF(E130="","",IF(E130="EI",4,IF(E130="EO",5.2,IF(E130="EQ",3.9,IF(E130="ILF",7.5,IF(E130="EIF",5.4)))))) -> 3.9
C131: 캘리브레이션/과신 탐지 조회 | D131: ECE/과신 지표 | E131: EQ | F131: =IF(E131="","",IF(E131="EI",4,IF(E131="EO",5.2,IF(E131="EQ",3.9,IF(E131="ILF",7.5,IF(E131="EIF",5.4)))))) -> 3.9
C132: 분류 편향/공정성 조회 | D132: 집단·속성별 편향 진단 | E132: EQ | F132: =IF(E132="","",IF(E132="EI",4,IF(E132="EO",5.2,IF(E132="EQ",3.9,IF(E132="ILF",7.5,IF(E132="EIF",5.4)))))) -> 3.9
F133: =IF(E133="","",IF(E133="EI",4,IF(E133="EO",5.2,IF(E133="EQ",3.9,IF(E133="ILF",7.5,IF(E133="EIF",5.4))))))
A134: * 기능점수 산정 참고 | F134: =SUM(F4:F132) -> 697.4
A135: * FP 유형 = EI (Exteranl Input : 외부입력) EO (External Output : 외부출력) EQ (External Inquiries : 외부조회)
A136: ILF (Internal Logical Files : 내부논리파일) EIF(Externa Interface Files : 외부연계 파일)
A138: * 용어설명
...

Sheet 05.AI Assistant 기능 개발 용역
A1: AI Assistant 기능 개발 용역
K2: (소프트웨어사업 대가산정 가이드, 24.05.13. (FP방식-간이법), KOSA)
A4: ○ 개발원가 산정 | J4: (단위 : 원)
A5: 총기능점수 | C5: 기능점수당 단가 | E5: 보정계수 | J5: 개발원가 | K5: 비고
E6: 규모 | F6: 연계복잡성 | G6: 성능 | H6: 다중사이트 | I6: 보안성
A7: =I31 -> 134.7 | C7: 605784 | E7: =J22 -> 1.28 | F7: =J23 -> 1.06 | G7: =J24 -> 1 | H7: =J25 -> 1 | I7: =J26 -> 1 | J7: =PRODUCT(A7:I7) -> 1.1071367e+08
A8: 합계(보정 후 개발원가) | J8: =SUM(J7:K7) -> 1.1071367e+08
A9: 기업이윤 | I9: 0.195 | J9: =J8*I9 -> 21589165
A10: 직접경비 | J10: -2666000
A11: 소프트웨어 개발비(부가세 별도) | J11: =J8+J9+J10 -> 1.2963683e+08
A12: 소프트웨어 개발비(부가세 포함, 10만원 이하 절사) | J12: =ROUNDDOWN(J11*1.1, -5) -> 142600000
A14: ○ 직접경비 | J14: (단위 : 원)
A15: 구분 | C15: 산출내역 | J15: 금액
A18: 합 계 | J18: =SUM(J16:K17) -> 0
A20: ○ 보정계수 산정
A21: 보정계수 구분 | C21: 복잡도 및 난이도 수준 | J21: 보정계수
A22: SW규모 | C22: ="= 0.4057 x (log e("&A7&") - 7.1978)^2 + 0.8878 (단, 500FP 미만 1.28, 3,000FP 초과 1.153 적용)" -> = 0.4057 x (log e(134.7) - 7.1978)^2 + 0.8878 (단, 500FP 미만 1.28, 3,000FP 초과 1.153 적용) | J22: =IF(A7<500,1.28,IF(A7>3000,1.153,0.4057*(LN(A7)-7.1978)^2+0.8878)) -> 1.28
A23: 연계복잡성 | C23: 4. 6~10개의 타 기관 연계 | J23: =VLOOKUP(C23,M23:N27,2,1) -> 1.06 | M23: 1. 타 기관 연계 없음 | N23: 0.88
A24: 성능 요구수준 | C24: 3. 응답시간이나 처리율이 피크타임(peak time)에 중요하며, 처리 시한이 명시되어 있다. | J24: =VLOOKUP(C24,M28:N32,2,1) -> 1 | M24: 2. 1~2개의 타 기관 연계 | N24: 0.94
A25: 다중사이트 운영성 | C25: 2. 다중사이트 운영성에 대한 요구사항이 있으며, 동일 하드웨어 및 소프트웨어 환경에서 운영되도록 설계된다. | J25: =VLOOKUP(C25,M33:N37,2,1) -> 1 | M25: 3. 3~5개의 타 기관 연계 | N25: 1
A26: 보안성 요구수준 | C26: 2. 위의 4가지 항목 중 2가지 요구사항이 포함되어 있다. | J26: =VLOOKUP(C26,M38:N42,2,1) -> 1 | M26: 4. 6~10개의 타 기관 연계 | N26: 1.06
M27: 5. 10개 초과의 타 기관 연계 | N27: 1.12
A28: ○ FP 집계 | M28: 1. 응답성능에 대한 특별한 요구사항이 없다. | N28: 0.91
A29: 구분 | D29: ILF | E29: EIF | F29: EI | G29: EO | H29: EQ | I29: 계 | M29: 2. 응답성능에 대한 요구사항이 있으나 특별한 조치가 필요하지는 않다. | N29: 0.95
A30: 기능수 | D30: =COUNTIF('05.AI Assistant 기능 FP산정'!E4:E82,"ILF") -> 4 | E30: =COUNTIF('05.AI Assistant 기능 FP산정'!E4:E82,"EIF") -> 0 | F30: =COUNTIF('05.AI Assistant 기능 FP산정'!E4:E82,"EI") -> 7 | G30: =COUNTIF('05.AI Assistant 기능 FP산정'!E4:E82,"EO") -> 11 | H30: =COUNTIF('05.AI Assistant 기능 FP산정'!E4:E82,"EQ") -> 5 | I30: =SUM(D30:H30) -> 27 | M30: 3. 응답시간이나 처리율이 피크타임(peak time)에 중요하며, 처리 시한이 명시되어 있다. | N30: 1
A31: 기능점수 | D31: =SUMIF('05.AI Assistant 기능 FP산정'!E4:E82,"ILF",'05.AI Assistant 기능 FP산정'!$F4:$F82) -> 30 | E31: =SUMIF('05.AI Assistant 기능 FP산정'!E4:E82,"EIF",'05.AI Assistant 기능 FP산정'!$F4:$F82) -> 0 | F31: =SUMIF('05.AI Assistant 기능 FP산정'!E4:E82,"EI",'05.AI Assistant 기능 FP산정'!$F4:$F82) -> 28 | G31: =SUMIF('05.AI Assistant 기능 FP산정'!E4:E82,"EO",'05.AI Assistant 기능 FP산정'!$F4:$F82) -> 57.2 | H31: =SUMIF('05.AI Assistant 기능 FP산정'!E4:E82,"EQ",'05.AI Assistant 기능 FP산정'!$F4:$F82) -> 19.5 | I31: =SUM(D31:H31) -> 134.7 | M31: 4. 응답시간이나 처리율이 모든 업무시간에 중요하며, 처리 시한이 명시되어 있다. | N31: 1.05
A32: 비중 | D32: =IF($I$31>0,D31/$I$31,"-") -> 0.22271715 | E32: =IF($I$31>0,E31/$I$31,"-") -> 0 | F32: =IF($I$31>0,F31/$I$31,"-") -> 0.20786934 | G32: =IF($I$31>0,G31/$I$31,"-") -> 0.42464736 | H32: =IF($I$31>0,H31/$I$31,"-") -> 0.14476615 | I32: =SUM(D32:H32) -> 1 | M32: 5. 응답성능 요구수준이 엄격하여, 설계, 개발 또는 구현 단계에서 성능 분석도구 사용이 필요하다. | N32: 1.09
M33: 1. 다중사이트 운영성에 대한 요구사항이 없다. | N33: 0.94
M34: 2. 다중사이트 운영성에 대한 요구사항이 있으며, 동일 하드웨어 및 소프트웨어 환경에서 운영되도록 설계된다. | N34: 1
M35: 3. 다중사이트 운영성에 대한 요구사항이 있으며, 유사 하드웨어 및 소프트웨어 환경에서 운영되도록 설계된다. | N35: 1.06
M36: 4. 다중사이트 운영성에 대한 요구사항이 있으며, 이질적인 하드웨어 및 소프트웨어 환경에서 운영되도록 설계된다. | N36: 1.13
M37: 5. 항목 4에 더하여 일반적 산출물 이외에 다중사이트에서 원활한 운영을 보장하기 위한 운영 절차의 문서화와 사전 모의훈련이 요구된다. | N37: 1.19
M38: 1. 암호화, 웹취약점 점검, 시큐어코딩, 개인정보보호 중 1가지 요구사항이 포함되어 있다. | N38: 0.97
M39: 2. 위의 4가지 항목 중 2가지 요구사항이 포함되어 있다. | N39: 1
M40: 3. 위의 4가지 항목 중 3가지 요구사항이 포함되어 있다. | N40: 1.03
M41: 4. 위의 4가지 항목이 모두 포함되어 있다. | N41: 1.06
M42: 5. 항목 4)에 더하여 추가적인 요구사항이 있다. | N42: 1.08
A44: FP산정
A45: FP산정

Sheet 05.AI Assistant 기능 FP산정
A1: AI Assistant 기능점수
A2: 기능명 | E2: 데이터 및 트랜잭션 기능 | F2: FP 산출 | G2: 비고
A3: ①어플리 케이션명 | B3: ②세부 업무명 | C3: ③단위프로세스명 | D3: 단위프로세스 설명 | E3: ④FP유형 | F3: ⑤가중치
A4: 공영주차장 스마트 안전 AI 분석 솔루션 | B4: 다국어 대응 | C4: 다국어 FAQ 저장소 | D4: FAQ 원문/번역 매핑 저장 | E4: ILF | F4: =IF(E4="","",IF(E4="EI",4,IF(E4="EO",5.2,IF(E4="EQ",3.9,IF(E4="ILF",7.5,IF(E4="EIF",5.4)))))) -> 7.5
B5: 다국어 대응 | C5: 질의 번역 처리 | D5: 한국어↔영/중 질의 번역 | E5: EI | F5: =IF(E5="","",IF(E5="EI",4,IF(E5="EO",5.2,IF(E5="EQ",3.9,IF(E5="ILF",7.5,IF(E5="EIF",5.4)))))) -> 4
B6: 다국어 대응 | C6: 응답 번역 처리 | D6: 응답 다국어 변환 | E6: EO | F6: =IF(E6="","",IF(E6="EI",4,IF(E6="EO",5.2,IF(E6="EQ",3.9,IF(E6="ILF",7.5,IF(E6="EIF",5.4)))))) -> 5.2
B7: 다국어 대응 | C7: 번역 품질 검증 조회 | D7: BLEU/TER 기반 번역 검증 | E7: EQ | F7: =IF(E7="","",IF(E7="EI",4,IF(E7="EO",5.2,IF(E7="EQ",3.9,IF(E7="ILF",7.5,IF(E7="EIF",5.4)))))) -> 3.9
B8: 지식 관리 | C8: 정책문서 인덱스 저장 | D8: 정책·조례·규정 벡터 인덱스 저장 | E8: ILF | F8: =IF(E8="","",IF(E8="EI",4,IF(E8="EO",5.2,IF(E8="EQ",3.9,IF(E8="ILF",7.5,IF(E8="EIF",5.4)))))) -> 7.5
B9: 지식 관리 | C9: RAG 검색 처리 | D9: 질의→문서 검색 결과 반환 | E9: EO | F9: =IF(E9="","",IF(E9="EI",4,IF(E9="EO",5.2,IF(E9="EQ",3.9,IF(E9="ILF",7.5,IF(E9="EIF",5.4)))))) -> 5.2
B10: 지식 관리 | C10: 근거 문서 하이라이팅 출력 | D10: 원문 근거 구절/하이라이트 표시 | E10: EO | F10: =IF(E10="","",IF(E10="EI",4,IF(E10="EO",5.2,IF(E10="EQ",3.9,IF(E10="ILF",7.5,IF(E10="EIF",5.4)))))) -> 5.2
B11: 지식 관리 | C11: 정책 메모 자동 작성 | D11: 정책 보고용 요약/메모 생성 | E11: EO | F11: =IF(E11="","",IF(E11="EI",4,IF(E11="EO",5.2,IF(E11="EQ",3.9,IF(E11="ILF",7.5,IF(E11="EIF",5.4)))))) -> 5.2
B12: 지식 관리 | C12: 검색 정확도 검증 조회 | D12: 검색 성능 통계/리포트 조회 | E12: EQ | F12: =IF(E12="","",IF(E12="EI",4,IF(E12="EO",5.2,IF(E12="EQ",3.9,IF(E12="ILF",7.5,IF(E12="EIF",5.4)))))) -> 3.9
B13: 대화 관리 | C13: 세션/컨텍스트 저장 | D13: 대화 이력·컨텍스트 저장 | E13: ILF | F13: =IF(E13="","",IF(E13="EI",4,IF(E13="EO",5.2,IF(E13="EQ",3.9,IF(E13="ILF",7.5,IF(E13="EIF",5.4)))))) -> 7.5
B14: 대화 관리 | C14: 반복 민원 응답 이력 조회 | D14: 과거 응답 매칭 조회 | E14: EQ | F14: =IF(E14="","",IF(E14="EI",4,IF(E14="EO",5.2,IF(E14="EQ",3.9,IF(E14="ILF",7.5,IF(E14="EIF",5.4)))))) -> 3.9
B15: 대화 관리 | C15: 관리자 승인 워크플로우 처리 | D15: 응답 생성→관리자 승인 | E15: EI | F15: =IF(E15="","",IF(E15="EI",4,IF(E15="EO",5.2,IF(E15="EQ",3.9,IF(E15="ILF",7.5,IF(E15="EIF",5.4)))))) -> 4
B16: 응답 고도화 | C16: 추천 응답(민원) 생성 | D16: 민원 대응용 응답 자동생성 | E16: EO | F16: =IF(E16="","",IF(E16="EI",4,IF(E16="EO",5.2,IF(E16="EQ",3.9,IF(E16="ILF",7.5,IF(E16="EIF",5.4)))))) -> 5.2
... B30: 연계 서비스 | C30: 외부 지자체 데이터 연계 | D30: 전북도청 컨설팅 데이터 연계 | E30: EI | F30: =IF(E30="","",IF(E30="EI",4,IF(E30="EO",5.2,IF(E30="EQ",3.9,IF(E30="ILF",7.5,IF(E30="EIF",5.4)))))) -> 4
F31: =IF(E31="","",IF(E31="EI",4,IF(E31="EO",5.2,IF(E31="EQ",3.9,IF(E31="ILF",7.5,IF(E31="EIF",5.4))))))
A32: * 기능점수 산정 참고 | F32: =SUM(F4:F30) -> 134.7
A33: * FP 유형 = EI (Exteranl Input : 외부입력) EO (External Output : 외부출력) EQ (External Inquiries : 외부조회)
A34: ILF (Internal Logical Files : 내부논리파일) EIF(Externa Interface Files : 외부연계 파일)
A36: * 용어설명
A37: *ILF : 사용자 관점에서 식별 가능한, 논리적으로 연관된 하나의 데이터그룹 또는 제어정보로서 측정대상 애플리케이션 내부에서 유지되는 파일
A38: *EIF : 사용자 관점에서 식별 가능한, 사용자가 식별할 수 있는 논리적으로 연관된 하나의 데이터그룹 또는 제어정보로서
A39: 측정대상 애플리케이션 내부에서는 오직 참조만 되고 다른 애플리케이션에서 유지되는 파일
A40: *EI : 애플리케이션 경계 밖에서 들어오는 데이터나 제어정보를 처리하는 단위 프로세스로서, 하나 이상의 논리파일을 변경하거나 시스템 동작을 변경함
A41: *EO : 데이터나 제어정보 애플리케이션 경계 밖의 사용자에게 보여주는단위프로세스로서, 데이터나 제어정보에 처리로직이 적용됨.
A42: 처리로직은 하나 이상의 수학적 계산, 공식 또는 파생 데이터를 포함하거나, 하나 이상의 내부논리파일(ILF)의 유지관리 작업이 발생하거나,
A43: 시스템의 동작 변경이 수반됨
A44: *EQ : 데이터나 제어정보를 애플리케이션 경계 밖으로 보여주는 단위프로세스로서, 데이터나 제어정보를 단순히 사용자에게 제공함.
A45: 외부조회는 수학적 계산이나 공식을 사용하지 않으며, 파생 데이터도 생성하지 않음.
A46: 처리 과정에서 내부논리파일(ILF)의 유지관리작업이 발생하지 않으며 시스템의 동작도 변경하지 않음
G47: =IF(F47="","",IF(F47="EI",4,IF(F47="EO",5.2,IF(F47="EQ",3.9,IF(F47="ILF",7.5,IF(F47="EIF",5.4))))))

Sheet 06.대시보드 및 시각화 개발 용역
A1: 대시보드 및 시각화 개발 용역
K2: (소프트웨어사업 대가산정 가이드, 24.05.13. (FP방식-간이법), KOSA)
A4: ○ 개발원가 산정 | J4: (단위 : 원)
A5: 총기능점수 | C5: 기능점수당 단가 | E5: 보정계수 | J5: 개발원가 | K5: 비고
E6: 규모 | F6: 연계복잡성 | G6: 성능 | H6: 다중사이트 | I6: 보안성
A7: =I31 -> 377.9 | C7: 605784 | E7: =J22 -> 1.28 | F7: =J23 -> 1.06 | G7: =J24 -> 1 | H7: =J25 -> 1 | I7: =J26 -> 1 | J7: =PRODUCT(A7:I7) -> 3.1060649e+08
A8: 합계(보정 후 개발원가) | J8: =SUM(J7:K7) -> 3.1060649e+08
A9: 기업이윤 | I9: 0.195 | J9: =J8*I9 -> 60568265
A10: 직접경비 | J10: -9083000
A11: 소프트웨어 개발비(부가세 별도) | J11: =J8+J9+J10 -> 3.6209176e+08
A12: 소프트웨어 개발비(부가세 포함, 10만원 이하 절사) | J12: =ROUNDDOWN(J11*1.1, -5) -> 398300000
A14: ○ 직접경비 | J14: (단위 : 원)
A15: 구분 | C15: 산출내역 | J15: 금액
A18: 합 계 | J18: =SUM(J16:K17) -> 0
A20: ○ 보정계수 산정
A21: 보정계수 구분 | C21: 복잡도 및 난이도 수준 | J21: 보정계수
A22: SW규모 | C22: ="= 0.4057 x (log e("&A7&") - 7.1978)^2 + 0.8878 (단, 500FP 미만 1.28, 3,000FP 초과 1.153 적용)" -> = 0.4057 x (log e(377.9) - 7.1978)^2 + 0.8878 (단, 500FP 미만 1.28, 3,000FP 초과 1.153 적용) | J22: =IF(A7<500,1.28,IF(A7>3000,1.153,0.4057*(LN(A7)-7.1978)^2+0.8878)) -> 1.28
A23: 연계복잡성 | C23: 4. 6~10개의 타 기관 연계 | J23: =VLOOKUP(C23,M23:N27,2,1) -> 1.06 | M23: 1. 타 기관 연계 없음 | N23: 0.88
A24: 성능 요구수준 | C24: 3. 응답시간이나 처리율이 피크타임(peak time)에 중요하며, 처리 시한이 명시되어 있다. | J24: =VLOOKUP(C24,M28:N32,2,1) -> 1 | M24: 2. 1~2개의 타 기관 연계 | N24: 0.94
A25: 다중사이트 운영성 | C25: 2. 다중사이트 운영성에 대한 요구사항이 있으며, 동일 하드웨어 및 소프트웨어 환경에서 운영되도록 설계된다. | J25: =VLOOKUP(C25,M33:N37,2,1) -> 1 | M25: 3. 3~5개의 타 기관 연계 | N25: 1
A26: 보안성 요구수준 | C26: 2. 위의 4가지 항목 중 2가지 요구사항이 포함되어 있다. | J26: =VLOOKUP(C26,M38:N42,2,1) -> 1 | M26: 4. 6~10개의 타 기관 연계 | N26: 1.06
M27: 5. 10개 초과의 타 기관 연계 | N27: 1.12
A28: ○ FP 집계 | M28: 1. 응답성능에 대한 특별한 요구사항이 없다. | N28: 0.91
A29: 구분 | D29: ILF | E29: EIF | F29: EI | G29: EO | H29: EQ | I29: 계 | M29: 2. 응답성능에 대한 요구사항이 있으나 특별한 조치가 필요하지는 않다. | N29: 0.95
A30: 기능수 | D30: =COUNTIF('06.대시보드 및 시각화 FP산정'!E4:E112,"ILF") -> 37 | E30: =COUNTIF('06.대시보드 및 시각화 FP산정'!E4:E112,"EIF") -> 0 | F30: =COUNTIF('06.대시보드 및 시각화 FP산정'!E4:E112,"EI") -> 3 | G30: =COUNTIF('06.대시보드 및 시각화 FP산정'!E4:E112,"EO") -> 17 | H30: =COUNTIF('06.대시보드 및 시각화 FP산정'!E4:E112,"EQ") -> 0 | I30: =SUM(D30:H30) -> 57 | M30: 3. 응답시간이나 처리율이 피크타임(peak time)에 중요하며, 처리 시한이 명시되어 있다. | N30: 1
A31: 기능점수 | D31: =SUMIF('06.대시보드 및 시각화 FP산정'!E4:E112,"ILF",'06.대시보드 및 시각화 FP산정'!$F4:$F112) -> 277.5 | E31: =SUMIF('06.대시보드 및 시각화 FP산정'!E4:E112,"EIF",'06.대시보드 및 시각화 FP산정'!$F4:$F112) -> 0 | F31: =SUMIF('06.대시보드 및 시각화 FP산정'!E4:E112,"EI",'06.대시보드 및 시각화 FP산정'!$F4:$F112) -> 12 | G31: =SUMIF('06.대시보드 및 시각화 FP산정'!E4:E112,"EO",'06.대시보드 및 시각화 FP산정'!$F4:$F112) -> 88.4 | H31: =SUMIF('06.대시보드 및 시각화 FP산정'!E4:E112,"EQ",'06.대시보드 및 시각화 FP산정'!$F4:$F112) -> 0 | I31: =SUM(D31:H31) -> 377.9 | M31: 4. 응답시간이나 처리율이 모든 업무시간에 중요하며, 처리 시한이 명시되어 있다. | N31: 1.05
A32: 비중 | D32: =IF($I$31>0,D31/$I$31,"-") -> 0.73432125 | E32: =IF($I$31>0,E31/$I$31,"-") -> 0 | F32: =IF($I$31>0,F31/$I$31,"-") -> 0.031754432 | G32: =IF($I$31>0,G31/$I$31,"-") -> 0.23392432 | H32: =IF($I$31>0,H31/$I$31,"-") -> 0 | I32: =SUM(D32:H32) -> 1 | M32: 5. 응답성능 요구수준이 엄격하여, 설계, 개발 또는 구현 단계에서 성능 분석도구 사용이 필요하다. | N32: 1.09
M33: 1. 다중사이트 운영성에 대한 요구사항이 없다. | N33: 0.94
M34: 2. 다중사이트 운영성에 대한 요구사항이 있으며, 동일 하드웨어 및 소프트웨어 환경에서 운영되도록 설계된다. | N34: 1
M35: 3. 다중사이트 운영성에 대한 요구사항이 있으며, 유사 하드웨어 및 소프트웨어 환경에서 운영되도록 설계된다. | N35: 1.06
M36: 4. 다중사이트 운영성에 대한 요구사항이 있으며, 이질적인 하드웨어 및 소프트웨어 환경에서 운영되도록 설계된다. | N36: 1.13
M37: 5. 항목 4에 더하여 일반적 산출물 이외에 다중사이트에서 원활한 운영을 보장하기 위한 운영 절차의 문서화와 사전 모의훈련이 요구된다. | N37: 1.19
M38: 1. 암호화, 웹취약점 점검, 시큐어코딩, 개인정보보호 중 1가지 요구사항이 포함되어 있다. | N38: 0.97
M39: 2. 위의 4가지 항목 중 2가지 요구사항이 포함되어 있다. | N39: 1
M40: 3. 위의 4가지 항목 중 3가지 요구사항이 포함되어 있다. | N40: 1.03
M41: 4. 위의 4가지 항목이 모두 포함되어 있다. | N41: 1.06
M42: 5. 항목 4)에 더하여 추가적인 요구사항이 있다. | N42: 1.08
A44: FP산정
A45: FP산정

Sheet 06.대시보드 및 시각화 FP산정
A1: 대시보드 및 시각화 기능점수
A2: 기능명 | E2: 데이터 및 트랜잭션 기능 | F2: FP 산출 | G2: 비고
A3: ①어플리 케이션명 | B3: ②세부 업무명 | C3: ③단위프로세스명 | D3: 단위프로세스 설명 | E3: ④FP유형 | F3: ⑤가중치
A4: 공영주차장 스마트 안전 AI 분석 솔루션 | B4: 민원 분석 대응 서비스 데이터 | C4: 제주시 민원 정보 DB | D4: AI 솔루션이 수집-정제-가공한 민원정보 | E4: ILF | F4: =IF(E4="","",IF(E4="EI",4,IF(E4="EO",5.2,IF(E4="EQ",3.9,IF(E4="ILF",7.5,IF(E4="EIF",5.4)))))) -> 7.5
C5: 서귀포시 민원 정보 DB | D5: AI 솔루션이 수집-정제-가공한 민원정보 | E5: ILF | F5: =IF(E5="","",IF(E5="EI",4,IF(E5="EO",5.2,IF(E5="EQ",3.9,IF(E5="ILF",7.5,IF(E5="EIF",5.4)))))) -> 7.5
C6: 만덕콜센터 민원 정보 DB | D6: AI 솔루션이 수집-정제-가공한 민원정보 | E6: ILF | F6: =IF(E6="","",IF(E6="EI",4,IF(E6="EO",5.2,IF(E6="EQ",3.9,IF(E6="ILF",7.5,IF(E6="EIF",5.4)))))) -> 7.5
C7: 제주시 민원 정보 RAW-Dtata | D7: 가공전 민원 원본 정보 | E7: ILF | F7: =IF(E7="","",IF(E7="EI",4,IF(E7="EO",5.2,IF(E7="EQ",3.9,IF(E7="ILF",7.5,IF(E7="EIF",5.4)))))) -> 7.5
C8: 서귀포시 민원정보 RAW-Data | D8: 가공전 민원 원본 정보 | E8: ILF | F8: =IF(E8="","",IF(E8="EI",4,IF(E8="EO",5.2,IF(E8="EQ",3.9,IF(E8="ILF",7.5,IF(E8="EIF",5.4)))))) -> 7.5
C9: 만덕콜 센터 민원 정보 RAW-Data | D9: 가공전 민원 원본 정보 | E9: ILF | F9: =IF(E9="","",IF(E9="EI",4,IF(E9="EO",5.2,IF(E9="EQ",3.9,IF(E9="ILF",7.5,IF(E9="EIF",5.4)))))) -> 7.5
C10: 국민 신문고 민원 정보 DB | D10: AI 솔루션이 수집-정제-가공한 민원정보 | E10: ILF | F10: =IF(E10="","",IF(E10="EI",4,IF(E10="EO",5.2,IF(E10="EQ",3.9,IF(E10="ILF",7.5,IF(E10="EIF",5.4)))))) -> 7.5
C11: 국민 신문고 민원 정보 RAW-Data | D11: 가공전 민원 원본 정보 | E11: ILF | F11: =IF(E11="","",IF(E11="EI",4,IF(E11="EO",5.2,IF(E11="EQ",3.9,IF(E11="ILF",7.5,IF(E11="EIF",5.4)))))) -> 7.5
C12: 기상청 기상예보정보 (단기예보구역) | D12: 단기예보 시·공간 세분화 발표 예보 정보 | E12: ILF | F12: =IF(E12="","",IF(E12="EI",4,IF(E12="EO",5.2,IF(E12="EQ",3.9,IF(E12="ILF",7.5,IF(E12="EIF",5.4)))))) -> 7.5
C13: 기상청 기상예보정보 (단기개황) | D13: 단기개황 시·공간 세분화 발표 예보 정보 | E13: ILF | F13: =IF(E13="","",IF(E13="EI",4,IF(E13="EO",5.2,IF(E13="EQ",3.9,IF(E13="ILF",7.5,IF(E13="EIF",5.4)))))) -> 7.5
C14: 기상청 기상예보정보 (단기육상) | D14: 단기육상 기상 시·공간 세분화 발표 예보 정보 | E14: ILF | F14: =IF(E14="","",IF(E14="EI",4,IF(E14="EO",5.2,IF(E14="EQ",3.9,IF(E14="ILF",7.5,IF(E14="EIF",5.4)))))) -> 7.5
C15: 기상청 기상예보정보 (단기해상) | D15: 단기해상 기상 시·공간 세분화 발표 예보 정보 | E15: ILF | F15: =IF(E15="","",IF(E15="EI",4,IF(E15="EO",5.2,IF(E15="EQ",3.9,IF(E15="ILF",7.5,IF(E15="EIF",5.4)))))) -> 7.5
C16: 기상청 기상예보정보 (단기동네) | D16: 단기 동네 예보 | E16: ILF | F16: =IF(E16="","",IF(E16="EI",4,IF(E16="EO",5.2,IF(E16="EQ",3.9,IF(E16="ILF",7.5,IF(E16="EIF",5.4)))))) -> 7.5
... C60: 히트맵 단위 이벤트 발생 빈도 표출 | D60: 히트맵 단위 이벤트 발생 빈도 표출 | E60: EO | F60: =IF(E60="","",IF(E60="EI",4,IF(E60="EO",5.2,IF(E60="EQ",3.9,IF(E60="ILF",7.5,IF(E60="EIF",5.4)))))) -> 5.2
F61: =IF(E61="","",IF(E61="EI",4,IF(E61="EO",5.2,IF(E61="EQ",3.9,IF(E61="ILF",7.5,IF(E61="EIF",5.4))))))
A62: * 기능점수 산정 참고 | F62: =SUM(F4:F60) -> 377.9
A63: * FP 유형 = EI (Exteranl Input : 외부입력) EO (External Output : 외부출력) EQ (External Inquiries : 외부조회)
A64: ILF (Internal Logical Files : 내부논리파일) EIF(Externa Interface Files : 외부연계 파일)
A66: * 용어설명
A67: *ILF : 사용자 관점에서 식별 가능한, 논리적으로 연관된 하나의 데이터그룹 또는 제어정보로서 측정대상 애플리케이션 내부에서 유지되는 파일
A68: *EIF : 사용자 관점에서 식별 가능한, 사용자가 식별할 수 있는 논리적으로 연관된 하나의 데이터그룹 또는 제어정보로서
A69: 측정대상 애플리케이션 내부에서는 오직 참조만 되고 다른 애플리케이션에서 유지되는 파일
A70: *EI : 애플리케이션 경계 밖에서 들어오는 데이터나 제어정보를 처리하는 단위 프로세스로서, 하나 이상의 논리파일을 변경하거나 시스템 동작을 변경함
A71: *EO : 데이터나 제어정보 애플리케이션 경계 밖의 사용자에게 보여주는단위프로세스로서, 데이터나 제어정보에 처리로직이 적용됨.
A72: 처리로직은 하나 이상의 수학적 계산, 공식 또는 파생 데이터를 포함하거나, 하나 이상의 내부논리파일(ILF)의 유지관리 작업이 발생하거나,
A73: 시스템의 동작 변경이 수반됨
A74: *EQ : 데이터나 제어정보를 애플리케이션 경계 밖으로 보여주는 단위프로세스로서, 데이터나 제어정보를 단순히 사용자에게 제공함.
A75: 외부조회는 수학적 계산이나 공식을 사용하지 않으며, 파생 데이터도 생성하지 않음.
A76: 처리 과정에서 내부논리파일(ILF)의 유지관리작업이 발생하지 않으며 시스템의 동작도 변경하지 않음
G77: =IF(F77="","",IF(F77="EI",4,IF(F77="EO",5.2,IF(F77="EQ",3.9,IF(F77="ILF",7.5,IF(F77="EIF",5.4))))))

Sheet 07. 데이터 표준화 모델
A1: "데이터 표준화" 산출내역서- 투입공수에 의한 방식
H2: (소프트웨어사업 대가산정 가이드, 2025. KOSA)
A4: ○ 투입공수 방식 SW운영비 산정 | H4: (단위 : 원)
A5: 업무 구분 | C5: 직무 | D5: 투입구분 | E5: ⓐ평균임금 (Month) | F5: ⓑ투입기간 (Month) | G5: ⓒ투입률 (업무 비중) | H5: 직접인건비 (ⓐxⓑxⓒ)
A6: 1 | B6: 데이터 표준화 전략 수립 및 컨설팅 | C6: ② IT컨설턴트 | D6: 평균 | E6: =IFERROR(INDEX($B$28:$E$45,MATCH($C6,$B$28:$B$45,0),MATCH($D6,$B$28:$E$28,0)),"") -> 9706020 | F6: 6 | G6: 0.5 | H6: =IFERROR(E6*F6*G6,"") -> 29118060
A7: 2 | B7: 표준 데이터모델 정의 및 메타데이터 분석 | C7: ④ 데이터분석가 | D7: 평균 | E7: =IFERROR(INDEX($B$28:$E$45,MATCH($C7,$B$28:$B$45,0),MATCH($D7,$B$28:$E$28,0)),"") -> 7751183 | F7: 6 | G7: 0.3 | H7: =IFERROR(E7*F7*G7,"") -> 13952129
A8: 3 | B8: 표준 준수 검증 및 품질 관리 | C8: ⑭ IT품질관리자 | D8: 평균 | E8: =IFERROR(INDEX($B$28:$E$45,MATCH($C8,$B$28:$B$45,0),MATCH($D8,$B$28:$E$28,0)),"") -> 9692094 | F8: 6 | G8: 0.3 | H8: =IFERROR(E8*F8*G8,"") -> 17445769
A9: 4 | B9: 표준모델 적용 시험 및 호환성 검증 | C9: ⑮ IT테스터 | D9: 평균 | E9: =IFERROR(INDEX($B$28:$E$45,MATCH($C9,$B$28:$B$45,0),MATCH($D9,$B$28:$E$28,0)),"") -> 3570557 | F9: 6 | G9: 0.3 | H9: =IFERROR(E9*F9*G9,"") -> 6427002.6
A10: 5 | B10: 업무 프로세스 분석 및 표준요건 도출 | C10: ③ 업무분석가 | D10: 평균 | E10: =IFERROR(INDEX($B$28:$E$45,MATCH($C10,$B$28:$B$45,0),MATCH($D10,$B$28:$E$28,0)),"") -> 8997359 | F10: 6 | G10: 0.5 | H10: =IFERROR(E10*F10*G10,"") -> 26992077
A11: 총 투입공수 | C11: 투입기간 * 투입률 | F11: =SUMPRODUCT(F6:F10,G6:G10) -> 11.4
A12: 직접인건비 합계 | C12: ∑(직무별 투입공수 x 평균임금) | F12: =SUM(H6:H10) -> 93935038
A13: 제경비 | B13: 0 | C13: 직접인건비의 110~120% | F13: =F12*B13 -> 0
A14: 기술료 | B14: 0 | C14: (직접인건비 + 제경비)의 15~40% | F14: =(F12+F13)*B14 -> 0
A15: 직접경비 | C15: 해당사항없음
A16: 소프트웨어 운영비(부가세 별도) | C16: 직접인건비 + 제경비 + 기술료 + 직접경비 | F16: =SUM(F12:H15) -> 93935038
A17: 절사금액 | C17: 조정(단가조정) | F17: 2727273
A18: 부가가치세 | C18: (소프트웨어 운영비-절사금액)*10% | F18: =(F16-F17)*10% -> 9120776.5
A19: 소프트웨어 운영비(부가세 포함) | F19: =(F16-F17)+F18 -> 1.0032854e+08
A20: *상기견적은 제경비율 110%, 기술료 15%를 적용함
B28: 구 분 | C28: 평균 | D28: 하위 | E28: 상위
B29: ① IT기획자 | C29: 11597656 | D29: 382762 | E29: 861867
B30: ② IT컨설턴트 | C30: 9706020 | D30: 245906 | E30: 536687
B31: ③ 업무분석가 | C31: 8997359 | D31: 393290 | E31: 484501
B32: ④ 데이터분석가 | C32: 7751183 | D32: 286364 | E32: 473463
B33: ⑤ IT PM | C33: 9145473 | D33: 325796 | E33: 596003
B34: ⑥ IT아키텍트 | C34: 10147745 | D34: 352792 | E34: 576762
B35: ⑦ UI/UX기획/개발자 | C35: 6727260 | D35: 203098 | E35: 412481
B36: ⑧ UI/UX디자이너 | C36: 5176203 | D36: 166546 | E36: 407614
B37: ⑨ 응용SW개발자 | C37: 6943457 | D37: 219087 | E37: 449024
B38: ⑩ 시스템SW개발자 | C38: 6099042 | D38: 198151 | E38: 350864
B39: ⑪ 정보시스템운용자 | C39: 10154626 | D39: 283779 | E39: 783171
B40: ⑫ IT지원기술자 | C40: 5058021 | D40: 171544 | E40: 282867
... B45: ⑰ 정보보안전문가 | C45: 9857100 | D45: 337176 | E45: 538271

Sheet 07. 25년 SW기술자 평균임금
A1: 2025년 적용 SW기술자 평균임금 공표
A3: 구 분 | B3: 월평균임금(M/M) | C3: 일평균임금 (M/D) | D3: 시간평균임금(M/H) | E3: 25백분위수 (M/D) | F3: 75백분위수 (M/D) | G3: 포함직무
A4: ① IT기획자 | B4: 11597656 | C4: 562993 | D4: 70374 | E4: 382762 | F4: 861867
A5: ② IT컨설턴트 | B5: 9706020 | C5: 471166 | D5: 58896 | E5: 245906 | F5: 536687 | G5: 정보보호컨설턴트
A6: 1 | B6: 데이터 표준화 전략 수립 및 컨설팅 | C6: 436765 | D6: 54596 | E6: 393290 | F6: 484501
A7: 2 | B7: 표준 데이터모델 정의 및 메타데이터 분석 | C7: 376271 | D7: 47034 | E7: 286364 | F7: 473463
A8: 3 | B8: 표준 준수 검증 및 품질 관리 | C8: 443955 | D8: 55494 | E8: 325796 | F8: 596003
A9: 4 | B9: 표준모델 적용 시험 및 호환성 검증 | C9: 492609 | D9: 61576 | E9: 352792 | F9: 576762 | G9: SW아키텍트, 데이터아키텍트, Infrastructure아키텍트, 데이터베이스아키텍트
A10: 5 | B10: 업무 프로세스 분석 및 표준요건 도출 | C10: 326566 | D10: 40821 | E10: 203098 | F10: 412481 | G10: UI/UX기획자, UI/UX개발자
A11: ⑧ UI/UX디자이너 | B11: 5176203 | C11: 251272 | D11: 31409 | E11: 166546 | F11: 407614
A12: ⑨ 응용SW개발자 | B12: 6943457 | C12: 337061 | D12: 42133 | E12: 219087 | F12: 449024 | G12: 빅데이터개발자,인공지능개발자
A13: ⑩ 시스템SW개발자 | B13: 6099042 | C13: 296070 | D13: 37009 | E13: 198151 | F13: 350864 | G13: 임베디드SW개발자
A14: ⑪ 정보시스템운용자 | B14: 10154626 | C14: 492943 | D14: 61618 | E14: 283779 | F14: 783171 | G14: 데이터베이스운용자, NW엔지니어, IT시스템운용자
A15: ⑫ IT지원기술자 | B15: 5058021 | C15: 245535 | D15: 30692 | E15: 171544 | F15: 282867
A16: ⑬ IT마케터 | B16: 11056617 | C16: 536729 | D16: 67091 | E16: 345896 | F16: 768806 | G16: SW제품기획자, IT서비스기획자, IT기술영업
A17: ⑭ IT품질관리자 | B17: 9692094 | C17: 470490 | D17: 58811 | E17: 340542 | F17: 611823
A18: ⑮ IT테스터 | B18: 3570557 | C18: 173328 | D18: 21666 | E18: 140339 | F18: 189811
A19: ⑯ IT감리 | B19: 10351376 | C19: 502494 | D19: 62812 | E19: 439246 | F19: 551942
A20: ⑰ 정보보안전문가 | B20: 9857100 | C20: 478500 | D20: 59813 | E20: 337176 | F20: 538271 | G20: 정보보호관리자, 침해사고대응전문가
A22: <본 평균임금을 SW사업대가 활용시 유의사항>
A23: ※ 본 조사결과는 SW사업에서 SW기술자 인건비 평균 값임을 고려하여 활용 가능하며, 수·발주자간 자율적
A24: 협의에 의해서도 유연하게 적용할 수 있음
A25: * SW기술자 평균임금은 소프트웨어진흥법 제46조(적정 대가 지급 등) 4항 ‘소프트웨어기술자의 인건비
A26: 기준’을 지칭함
A27: * SW기술자 평균임금은 기본급, 제수당, 상여금, 퇴직급여충당금, 법인부담금(4대보험)을 모두 포함한 결과임
A28: * 일평균임금은 월평균임금÷`24년 평균근무일수(20.6일), 시간평균임금은 일평균임금÷8시간 으로 각각 산정함
A29: * 월평균 근무일수는 휴일, 법정공휴일 등을 제외한 업체가 응답한 근무일의 평균이며, 이는 개인의 휴가 사용
A30: 여부와는 무관함
A31: * SW기술자 평균임금은 전년 대비 4.2% 증가함
A32: * 25/75 백분위수는 조사된 직무별 임금의 구간, 분포에 대한 참고 값임(백분위수 : 백분위수는 크기가 있는
A33: 값들로 이뤄진 자료를 순서대로 나열했을 때 백분율로 나타낸 특정 위치의 값을 이르는 용어이다.
A34: 일반적으로 크기가 작은 것부터 나열하여 가장 작은 것을 0, 가장 큰 것을 100으로 한다.)

Sheet 07. ITSQF 직무체계 및 정의
A1: ITSQF 직무체계 및 정의
A3: 번호 | B3: 직종 | C3: 조사용 직무 | D3: ITSQF 직무 | E3: 직무 정의 | F3: 유관직업 예시
A4: 1 | B4: IT컨설팅 및 기획 | C4: IT기획자 | D4: 정보기술기획 | E4: 조직의 경영목표를 달성하기 위하여 IT전략을 기획하고, 거버넌스, 투자성과분석, 운영 정책, R&D, 프로세스, 아키텍처 등 분야 별 전략을 수립하는 일이다. | F4: IT기획, IT 인프라기획, IT전략
A5: 2 | C5: IT컨설턴트 | D5: 정보기술컨설팅 | E5: 조직의 목표를 달성하는데 도움이 될 수 있도록, 객관적인 시각에서 조직 경영 환경을 이해하고 대상 업무 및 정보시스템을 분석하여 개선 방안을 지도, 자문 및 상담을 수행하는 일이다. | F5: IT컨설턴트, IS컨설턴트
D6: 정보보호컨설팅 | E6: 주요 정보자산을 보호하기 위한 관리적, 물리적, 기술적 영역의 보안 요구사항과 사전 정의된 프로세스에 대해 객관적인 충족여부를 검증하고 자문하는 일이다. | F6: 정보보호컨설턴트, 보안 컨설팅, 정보보호컨설팅 컨설턴트
A7: 2 | C7: 업무분석가 | D7: 업무분석 | E7: 조직의 비전과 목표, 구조, 정책 등의 이해를 바탕으로 업무 요구사항을 도출하고 분석1)하여, 목적에 부합하는 대응전략 수립하는 일이다. | F7: 업무분석가, 비즈니스분석가
E9: *타 직무에서 수행하는 분석, 설계 업무의 혼선 방지를 위해 아래의 주석을 표시함 1)분석 : 조직 내·외부의 경영 환경에 영향을 주는 고객과 경쟁기업, 산업동향, 내부 역량을 분석하는 능력
A11: 4 | C11: 데이터분석가 | D11: 데이터분석 | E11: 데이터 이해 및 처리 기술에 대한 기본지식을 바탕으로 데이터 분석 기획, 데이터 분석, 데이터 시각화 업무를 수행하고 이를 통해 프로세스 혁신 및 마케팅 전략 결정 등의 과학적 의사결정을 지원하는 일이다. | F11: 데이터 기획자, 데이터최고책임자(CDO), Search Developer, Data Scientist(과학자), 데이터 분석 전문가, Data Analysis, 데이터 사이언스, 데이터 분석가, 데이터분석/컨설팅, 금융 데이터 분석, 데이터 분석 및 가공, 빅데이터 처리-분석
A12: 5 | B12: IT프로젝트관리 | C12: IT PM | D12: IT프로젝트관리 | E12: IT프로젝트 인도물의 납기 준수를 위하여 프로젝트를 기획하고, 범위, 일정, 원가, 인적자원, 품질, 위험, 의사소통, 조달, 변경, 보안, 정보시스템 성과 등을 통합 관리하는 일이다. | F12: IT PM, Agile Coach, 프로젝트 관리, PL, PM(Project Manager)
A13: 6 | B13: IT아키텍처 | C13: IT아키텍트 | D13: SW아키텍처 | E13: SW의 기능, 성능, 보안 등의 품질을 보장하고 SW를 구성하는 요소와 관계를 분석, 설계하여 전체적인 SW 구조를 체계화하는 일이다. | F13: SW 아키텍트, 솔루션 아키텍트, 웹 아키텍트, 어플리케이션 아키텍트
D14: Infrastructure | E14: 하드웨어, 미들웨어, 네트워크, 클라우드를 포함하는 인프라를 설계, 구성하여 모든 지원들의 적합성 및 신뢰성 있는 서비스를 제공할 수 있도록 체계화하는 일이다. | F14: Infrastructure아키텍트, 네트워크 아키텍트, 시스템 아키텍트, 테크니컬 아키텍트, 클라우드 시스템 엔지니어, 퍼블릭 클라우드 아키텍트
D15: 데이터아키텍처 | E15: 데이터를 구조적 관점에서 설계, 생성, 배치, 관리하며, 다양한 데이터 엔터티뿐만 아니라 해당 데이터를 처리하는 애플리케이션에 의해 데이터가 저장, 소비, 통합 및 관리될 수 있도록 체계화하는 일이다. | F15: 데이터 아키텍트, 데이터 모델러, 데이터베이스 설계자, 데이터베이스 아키텍트, 데이터 설계자, DW설계자, 빅데이터아키텍트, 데이터 기술자, 데이터 전략 수립 담당자
A16: 7 | B16: SW개발 | C16: UI/UX 기획/개발 | D16: UI/UX기획 | E16: 서비스의 본질적 특성에 대한 이해를 기반으로 트렌드 분석, 사용자 이용 행태 분석 등을 통해 이해관계자 및 사용자의 요구를 발굴하고 사용성을 극대화 할 수 있는 UI/UX를 설계 및 검증하여 서비스의 목적과 용도에 맞게 최적화 된 UI를 제공하는 일이다. | F16: UI/UX 기획자, UI/UX분석가, 웹기획자, App 기획자, 모바일 앱서비스 기획자
D17: UI/UX개발 | E17: 사용자의 이용형태 및 기술환경을 분석하여, 사용자 인터페이스(UI/UX)의 기획 및 아키텍처를 구축하고, 프로토타입 검증, 설계 및 구현 과정을 통해 효과적인 UI/UX를 개발하는 일이다. | F17: UI/UX 개발자, 웹퍼블리셔, 퍼블리셔&프론트 개발자, Web&Mobile 퍼블리싱, 홈페이지 웹 퍼블리싱
A18: 8 | C18: UI/UX 디자인 | D18: UI/UX디자인 | E18: UI/UX 디자인의 매체별 트렌드, 사용자 경험 분석을 통해 디자인 전략 및 콘셉트를 도출하고 UI 디자인 요소를 다양한 기법을 활용해 시각화하여 사용자 요구를 검증하고 매체별 최적화된 디자인과 사용성을 제공하는 일이다. | F18: UI/UX 디자이너, 웹디자이너, 그래픽디자이너, 웹콘텐츠 디자이너, UI/UX 설계
A19: 9 | C19: 응용SW개발자 | D19: 응용SW개발 | E19: 컴퓨터 프로그래밍 언어로 응용소프트웨어의 분석1), 설계2), 구현 및 테스트, 배포 등을 통해 제품의 기능을 개발하고 개선하는 일이다. | F19: 응용SW 분석가, 응용SW 설계자, 모바일 개발자, 모바일 앱 개발자, 어플리케이션 개발자, 웹 개발자, 빅데이터 개발자, 인공지능 SW개발자, 하둡기반 빅데이터 분석 시스템 개발, 프론트엔드 개발, 프레임워크/미들웨어/응용 SW개발, 파이썬 웹 서버 개발자, 파이썬 기반 데이터 처리, 클라이언트 프로그래머, 클라이언트 개발, 클라우드 서비스 플랫폼 개발, 정보시스템 개발/운영, 전산시스템 개발, 인공지능 엔지니어, 윈도우 어플리케이션 개발, 웹사이트 유지보수/개발, 웹사이트 서비스 개발, 웹 프론트 개발, 웹 프로그램 유지보수 및 개발, 웹 백엔드 개발, 영상통화 서버 개발, 에너지 데이터 분석 및 개발, 안드로이드 개발자, 솔루션개발 및 구축, 솔루션 엔지니어, 솔루션 개발(웹 개발), 솔루션 개발(서버 개발), 소프트웨어 공학 엔지니어, 서비스 Server 개발, 사업화연계연구개발자, 빅데이터 플랫폼 및 JAVA 개발, 블록체인 기반 서비스개발, 뱅킹 서비스 개발 및 운영, 백엔드 테크니컬 프로그래머, 백엔드 웹 개발, 백엔드 시스템 개발, 백엔드 개발자, 모빌리티 플랫폼 개발, 모바일 프론트 엔드 개발, 모바일 채널 서비스 개발 및 운영, 머신러닝 엔지니어, 메시징 솔루션 개발, 딥러닝/컴퓨터 비전 개발, 딥러닝 응용 어플리케이션 개발, 딥러닝 연구 개발, 딥러닝 네트워크 모델 및 자체 프레임워크 개발, 데브옵스 개발, 금융IT 서비스 개발 및 운영, 검색 서비스 개발, Web Developer, VR/AR 개발, VB 개발자, VAN서비스개발, SW 개발 및 배포, Software Developer, SM 운영 유지보수, SDK 개발자, SAP ERP 구축/운영, Salesforce 개발, RPA 개발, REACT 개발, PYTHON 개발, PHP 웹 개발자, PHP 백엔드 개발자, PHP 및 JAVA 개발, LMS웹사이트 개발(ASP, ASP.net), Javascript Developer, JAVA/JSP 개발, JAVA 웹프로그래머, JAVA 웹개발자, IoT 플랫폼 개발, JAVA 서버/프런트 개발, JAVA 서버/웹 개발, JAVA 개발자, JAVA 개발 및 유지보수, JAVA WEB/Mobile 개발자, Java jsp 프론트엔드/백엔드 개발, IOS앱 개발, IOS, Android 개발, iOS Developer, Front-End 개발자, Front-end Developer, Framework 개발, ERP시스템 개발, ERP 개발 및 유지보수, DW Data Engineer, DevOps 개발, Developer, Deep Learning R&D Engineer, Data Platform Engineer, CRM 솔루션 개발, Cloud 개발, C#/ASP.NET/MVC/JAVA 개발, C# 개발자, Backend Developer, APP 서버개발, Android Developer, AI기반 개인화 추천 시스템 개발 AI 솔루션 연구개발, AI 딥러닝, 머신러닝 개발, AI 기획 및 개발, AI SW/Dataset 개발, AI Platform Engineer, .NET, C3, ASP.NET 개발
E21: *타 직무에서 수행하는 분석, 설계 업무의 혼선 방지를 위해 아래의 주석을 표시함 1)분석 : 구현하고자 하는 애플리케이션의 요구사항을 도출, 분석, 명세화 및 요구사항 검증을 수행하는 능력 2)설계 : 요구사항 확인을 통한 상세분석 결과, SW아키텍쳐 가이드라인 및 SW 아키텍처 산출물에 의거하여 이에 따른 애플리케이션 구현을 수행하기 위해 공통 모듈 설계, 타 시스템 연동에 대하여 상세 설계하는 능력
A22: 10 | B22: SW개발 | C22: 시스템SW개발자 | D22: 시스템SW개발 | E22: 운영체제 환경에서 시스템 자원을 제어 및 관리하는 소프트웨어와 응용프로그램의 동작을 위한 시스템 플랫폼의 요구사항 분석 및 설계, 구현, 배포를 수행하는 일이다. | F22: 시스템SW개발자, 시스템SW분석가, 시스템SW설계자, OS개발자, 시스템 프로그래머
D23: 임베디드SW개발 | E23: 하드웨어 플랫폼에 대한 이해를 바탕으로 플랫폼별 운영체제 이식과 펌웨어, 디바이스 드라이버, 애플리케이션 등의 SW를 개발하고, 하드웨어 플랫폼 최적화를 수행하는 일이다. | F23: 임베디드SW개발자, 임베디드SW분석가, 임베디드SW설계자, 펌웨어 개발자, 임베디드 시스템 개발, HW & 펌웨어 개발, STM32/PIC계열 등 관련 MCU개발, 인버터 펌웨어 개발, 시스템 제어 사양 개발, SW 개발(Device Driver), Embedded OS기반 응용 SW개발, SoC 플랫폼 개발
A24: 11 | B24: 시스템 구축 | C24: 정보시스템 운용자 | D24: 데이터베이스관리 | E24: 데이터에 대한 요구사항으로부터 데이터베이스를 설계, 구축, 전환하고, 최적의 성능과 품질을 확보하도록 추이분석 등을 통하여 데이터베이스를 수정, 개선, 백업하는 등의 업무를 수행하는 일이다. | F24: 데이터베이스 운용자, MSSQL DBA, DBA, 클라우드/DB 관리자, 데이터 엔지니어
D25: NW엔지니어링 | E25: 네트워크 환경을 분석하고 네트워크에 대한 토폴로지, 자원관리, 품질 관리를 설계하고 구성하는 일이다. | F25: NW 엔지니어, NW 구축, NW시스템분석가, NW시스템설계자, NW시스템개발자
D26: IT시스템관리 | E26: 시스템 요구사항을 분석하고 클라우드와 가상화, 시스템과 네트워크 및 스토리지 자원의 HW, SW 서비스 플랫폼을 구축, 운영, 관리하여 안정적 컴퓨팅 인프라 및 정보시스템의 운용을 담당하는 일이다. | F26: IT시스템 운용자, NW운용자, 서버운용자, 웹마스터, 웹 운용자, 정보보안관제원, IS운용자, 빅데이터엔지니어, 서버/스토리지/시스템 운영 SA, 미들웨어 운영 SA, 가상화 서버 운영 SA, 시스템 관제 운영, 시스템 엔지니어, 전산시스템 운영 및 개발, Linux/Windows 시스템운영, 퍼블릭 클라우드 인프라 운영, 클라우드 보안 운영, 빅데이터 플랫폼 엔지니어, VDI 구축/운영, Linux 구축/운영, 인프라담당자, System Engineering Specialist, 시스템 운영 모니터링, 인프라 운영, 미들웨어 운영, 네트워크 운영, 보안관제, 서버/스토리지 Infrastructure 관리, 네트워크 관리, Cloud 시스템 구축/운영, IT-네트워크 운영, 리눅스 엔지니어, 플랫폼 운영, IDC 운영/관리, 서버 엔지니어, 리눅스 구축 및 기술개발, IT 인프라 관리, 시스템 유지보수, 메일/메신저 서버 운영, 클라우드 시스템 운영, MES 시스템 운영
A27: 12 | C27: IT지원기술자 | D27: IT시스템기술지원 | E27: 정보기술 인프라에 대한 이해를 바탕으로 컴퓨터 하드웨어, 스토리지, 클라우드와 가상화, 네트워크 등 IT자원을 이용한 시스템의 구성과 장애처리를 지원하며 시스템 개선 및 정기점검 등을 통해 안정적인 컴퓨팅 인프라 운영을 지원하는 일이다. | F27: 기술지원 엔지니어, IT지원 기술자, 시스템 유지관리 지원기술자, IT헬프데스크 운용자
A28: 13 | B28: IT마케팅 | C28: IT마케터 | D28: SW제품기획 | E28: 기업의 경영전략을 바탕으로, SW 활용분야에 대한 기업 내/외부 환경, 요구 기술, 시장성 등을 분석하여 제품 전략을 수립하고, SW제품의 개발, 지원, 판매, 마케팅 계획을 수립, 운용하는 일이다. | F28: SW제품 기획자, SW솔루션 기획자, Product Designer, Product Manager, Platform 기획
D29: IT서비스기획 | E29: 정보기술 환경 분석을 통해 고객과 시장의 니즈에 맞는 IT서비스를 발굴하고, 제품 및 솔루션 융합으로 새로운 서비스를 기획하는 일이다. | F29: IT서비스 기획자, 웹서비스 기획자, 모바일서비스 기획, 온라인서비스기획, 디지털서비스 기획
D30: IT기술영업 | E30: 정보기술 지식을 바탕으로 고객 관리 및 영업 전략을 수립, 사업기회를 창출하고 요구사항에 적합한 솔루션 제안으로 협상, 계약, 판매 및 사후 관리 등 IT 영업을 수행하는 일이다. | F30: IT기술영업, IT솔루션영업, 소프트웨어 영업, 의료용 디지털 솔루션 영업, 기술영업
A31: 14 | B31: IT품질관리 | C31: IT품질관리자 | D31: IT품질관리 | E31: IT품질목표를 달성하기 위하여 전사적인 품질정책 및 관리체계를 수립하고 품질향상을 위해 교육 및 관리활동 등을 수행하며, 프로젝트 차원에서의 품질보증 활동을 수행하는 일이다. | F31: IT품질관리자, 데이터품질관리자, QA(Quality Assurance), QC(Quality Control), 품질관리(QAM), 게임QA, QA Engineer, 제품 QA, 모바일 QA, 개발 및 라이브 QA, 백엔드 QA
A32: 15 | C32: IT테스터 | D32: IT테스트 | E32: 테스트를 효과적으로 수행하기 위해 필요한 기획, 진단 컨설팅, 계획, 환경구축, 실행, 결함관리, 문서화를 수행하고 관리하는 일이다. | F32: IT테스터, SW테스터, Test Case 개발, 소프트웨어 테스트 엔지니어
A33: 16 | C33: IT감리 | D33: IT감리 | E33: 감리발주자 및 피감리원의 이해관계로부터 독립된 자가 정보시스템의 효율성을 향상시키고 안전성을 확보하기 위하여 제2자의 관점에서 정보시스템의 기획, 구축 및 운영 등에 관한 사항을 종합적으로 점검하고 문제점이 개선 되도록 시정조치사항을 도출하고 확인 하는 일이다. | F33: IT감리원, IT감리사, IS감리원
A34: 17 | B34: 정보보호 | C34: 정보보안전문가 | D34: 정보보호관리 | E34: 조직의 비전과 미션을 수행하기 위하여 정보 자산을 안정적으로 운영하는 데 필요한 보안정책울 수립하고 관련 법제도 준수, 보호관리 활동을 수행하며, 위험관리에 기반한 정보보호 대책을 도출하여 실행토록 관리하는 일이다 | F34: 정보보호 관리자, 정보보호 전문가, 보안관리, 보안기술 기획, 보안관제 기획, 보안운영, 정보보안, 정보보호
D35: 보안사고대응 | E35: 침해사고의 피해확산 방지를 위해 위협정보를 탐지하고, 시스템 복구와 예방 전략을 수립하는 일과 업무 및 서비스에 영향을 준 증거를 확보 후 분석하여 신속하게 대응하는 일이다. | F35: 침해사고 대응전문가, 디지털포렌식 전문가, 모의해킹전문가, 정보보호 진단분석원, IT security Engineer, 보안진단, CERT, 취약점/약성코드 분석
